
CREATE TABLE department (
    department_id varchar(10) not null,
    department_name varchar(50) not null,
    department_email varchar(50) not null,
    department_room varchar(10) not null,
    PRIMARY KEY (department_id)
);
 
INSERT INTO department values
('CK','Co khi','ck@hust.edu.vn','C3-101'),
('CNTT','Cong nghe thong tin va truyen thong','cntt@hust.edu.vn','B1-101'),
('DM','Det may','dm@hust.edu.vn','C5-101'),
('GDQP','Giao duc quoc phong','gdqp@hust.edu.vn','D3-101'),
('GDTC','Giao duc the chat','gdtc@hust.edu.vn','A1-101'),
('KH_KTVL','Khoa hoc va ki thuat vat lieu','khktvl@hust.edu.vn','C1-101'),
('KTHH','Ki thuat hoa hoc','khtt@hust.edu.vn','C5-104'),
('LLCT','Ly luan chinh tri','llct@hust.edu.vn','C6-301'),
('NN','Ngoai ngu','nn@hust.edu.vn','C4-201'),
('TUD', 'Vien Toan ung dung', 'vt@hust.edu.vn', 'D35-302'),
('VD','Vien dien','vd@hust.edu.vn','C7-101'),
('VLKT', 'Vat ly ky thuat', 'vtkt@hust.edu.vn', 'C10-101');


CREATE TABLE lecturer (
    lecturer_id varchar(10) PRIMARY KEY,
    lecturer_name nvarchar(30) not null,
    email varchar(50) not null,
    gender char(1) not null,
    department_id varchar(10) not null,
    CHECK (gender = 'F' or gender = 'M'),
    FOREIGN KEY (department_id) REFERENCES department(department_id)
);

INSERT INTO lecturer VALUES
(101, N'Nguyễn Đức Tính', 'nguyenductinh@hust.edu.vn', 'M', 'CNTT'),
(102, N'Hoàng Hùng Thắng', 'hoanghungthang@hust.edu.vn', 'M', 'CNTT'),
(103, N'Doãn Văn Thanh', 'doanvanthanh@hust.edu.vn', 'M', 'CNTT'),
(104, N'Nguyễn Văn Chung', 'nguyenvanchung@hust.edu.vn', 'M', 'CNTT'),
(105, N'Hoàng Tuấn Chung', 'hoangtuanchung@hust.edu.vn', 'M', 'CNTT'),
(106, N'Nguyễn Văn Thản', 'nguyenvanthan@hust.edu.vn', 'M', 'CNTT'),
(107, N'Trần Duy Tiến', 'tranduytien@hust.edu.vn', 'M', 'CNTT'),
(108, N'Lê Hồ Hiếu', 'lehohieu@hust.edu.vn', 'M', 'CNTT'),
(109, N'Cát Thị Thu H­ường', 'catthithuh­uong@hust.edu.vn', 'F', 'CNTT'),
(110, N'Trần Đình Hồng', 'trandinhhong@hust.edu.vn', 'M', 'CNTT'),
(111, N'Phạm Kim Vân', 'phamkimvan@hust.edu.vn', 'F', 'CNTT'),
(112, N'Hoàng Ngọc T­ươi', 'hoangngoct­uoi@hust.edu.vn', 'F', 'CNTT'),
(113, N'Bùi Lai Hoàn', 'builaihoan@hust.edu.vn', 'M', 'CNTT'),
(114, N'Đỗ Quý Hiệp', 'doquyhiep@hust.edu.vn', 'M', 'CNTT'),
(115, N'Lê Văn Hựu', 'levanhuu@hust.edu.vn', 'M', 'CNTT'),
(116, N'Phạm Quang Thành', 'phamquangthanh@hust.edu.vn', 'M', 'CNTT'),
(117, N'Bùi Duy Khuông', 'buiduykhuong@hust.edu.vn', 'M', 'CNTT'),
(118, N'Trịnh Văn Quyền', 'trinhvanquyen@hust.edu.vn', 'M', 'CNTT'),
(119, N'Ngô Văn Hà', 'ngovanha@hust.edu.vn', 'M', 'CNTT'),
(120, N'Nguyễn Hải Ninh', 'nguyenhaininh@hust.edu.vn', 'M', 'CNTT'),
(121, N'Phạm Duy Học', 'phamduyhoc@hust.edu.vn', 'M', 'CNTT'),
(122, N'Đỗ Đặng Lân', 'dodanglan@hust.edu.vn', 'M', 'CNTT'),
(123, N'Lê Thị Tuyết Thanh', 'lethituyetthanh@hust.edu.vn', 'F', 'CNTT'),
(124, N'Trư­ơng Trung Thành', 'tru­ongtrungthanh@hust.edu.vn', 'M', 'CNTT'),
(125, N'Phạm Đức Cư­ờng', 'phamduccu­ong@hust.edu.vn', 'M', 'CNTT'),
(126, N'Lê Quí Chiến', 'lequichien@hust.edu.vn', 'M', 'CNTT'),
(127, N'Trần Tứ Hiếu', 'trantuhieu@hust.edu.vn', 'M', 'CNTT'),
(128, N'Lê Thị Hạnh', 'lethihanh@hust.edu.vn', 'F', 'CNTT'),
(129, N'Phạm Thị Thuỷ', 'phamthithuy@hust.edu.vn', 'F', 'CNTT'),
(130, N'Nguyễn Thị Mai', 'nguyenthimai@hust.edu.vn', 'F', 'CNTT'),
(131, N'Hoàng Thị Kim Anh', 'hoangthikimanh@hust.edu.vn', 'F', 'CNTT'),
(132, N'Nguyễn Thị Như­ Hoa', 'nguyenthinhu­hoa@hust.edu.vn', 'F', 'CNTT'),
(133, N'Trư­ơng Thị Mỹ L­ương', 'tru­ongthimyl­uong@hust.edu.vn', 'F', 'CNTT'),
(134, N'Nguyễn Thị Thanh Hoa', 'nguyenthithanhhoa@hust.edu.vn', 'F', 'CNTT'),
(135, N'Dư­ơng Anh Tuấn', 'du­onganhtuan@hust.edu.vn', 'M', 'CNTT'),
(136, N'Nguyễn Thị Thanh Hà', 'nguyenthithanhha@hust.edu.vn', 'F', 'CNTT'),
(137, N'Đỗ Quang Trung', 'doquangtrung@hust.edu.vn', 'M', 'CNTT'),
(138, N'Lê Thị Thu H­ương', 'lethithuh­uong@hust.edu.vn', 'F', 'CNTT'),
(139, N'Nguyễn Thị Thanh Huyền', 'nguyenthithanhhuyen@hust.edu.vn', 'F', 'CNTT'),
(140, N'Hoàng Đức Trung', 'hoangductrung@hust.edu.vn', 'M', 'CNTT'),
(141, N'Phạm Hữu Thành', 'phamhuuthanh@hust.edu.vn', 'M', 'CK'),
(142, N'Lê Thị Thanh Hoa', 'lethithanhhoa@hust.edu.vn', 'F', 'CK'),
(143, N'Bùi Thị Huyền', 'buithihuyen@hust.edu.vn', 'F', 'CK'),
(144, N'Vũ Thị Thái', 'vuthithai@hust.edu.vn', 'M', 'CK'),
(145, N'Mai Thị Huyền', 'maithihuyen@hust.edu.vn', 'F', 'CK'),
(146, N'Nguyễn Kim Thoa', 'nguyenkimthoa@hust.edu.vn', 'F', 'DM'),
(147, N'Đồng Thị An Sinh', 'dongthiansinh@hust.edu.vn', 'F', 'DM'),
(148, N'Nguyễn Thị Hiền', 'nguyenthihien@hust.edu.vn', 'F', 'DM'),
(149, N'Nguyễn Thị Hồng Lịch', 'nguyenthihonglich@hust.edu.vn', 'F', 'DM'),
(150, N'Ngô Hải Yến', 'ngohaiyen@hust.edu.vn', 'F', 'DM'),
(151, N'Nông Thị Len', 'nongthilen@hust.edu.vn', 'F', 'GDQP'),
(152, N'Nguyễn Thanh Huyền', 'nguyenthanhhuyen@hust.edu.vn', 'F', 'GDQP'),
(153, N'Nguyễn Duy Phan', 'nguyenduyphan@hust.edu.vn', 'M', 'GDQP'),
(154, N'Bùi Thị Hồng Vân', 'buithihongvan@hust.edu.vn', 'F', 'GDQP'),
(155, N'Hoàng Thị Trang', 'hoangthitrang@hust.edu.vn', 'F', 'GDQP'),
(156, N'Nguyễn Thị Quế Phương', 'nguyenthiquephuong@hust.edu.vn', 'F', 'GDTC'),
(157, N'Nguyễn Mạnh C­ường', 'nguyenmanhc­uong@hust.edu.vn', 'M', 'GDTC'),
(158, N'Nguyễn Thị Thu Hư­ơng', 'nguyenthithuhu­ong@hust.edu.vn', 'F', 'GDTC'),
(159, N'Lê Thanh Tuyền', 'lethanhtuyen@hust.edu.vn', 'M', 'GDTC'),
(160, N'Đoàn Trọng Hiếu', 'doantronghieu@hust.edu.vn', 'M', 'GDTC'),
(161, N'Trần Đức Phúc', 'tranducphuc@hust.edu.vn', 'M', 'KH_KTVL'),
(162, N'Đào Xuân Dũng', 'daoxuandung@hust.edu.vn', 'M', 'KH_KTVL'),
(163, N'Phạm Ngọc Hải', 'phamngochai@hust.edu.vn', 'M', 'KH_KTVL'),
(164, N'Vũ Thị Thùy D­ương', 'vuthithuyd­uong@hust.edu.vn', 'F', 'KH_KTVL'),
(165, N'Trần Thị Thùy Dung', 'tranthithuydung@hust.edu.vn', 'F', 'KH_KTVL'),
(166, N'Nguyễn Thị H­ương', 'nguyenthih­uong@hust.edu.vn', 'F', 'KTHH'),
(167, N'Phạm Thị Thu Hà', 'phamthithuha@hust.edu.vn', 'F', 'KTHH'),
(168, N'D­ương Khắc Mạnh', 'd­uongkhacmanh@hust.edu.vn', 'M', 'KTHH'),
(169, N'Tr­ương Công Tuấn', 'tr­uongcongtuan@hust.edu.vn', 'M', 'KTHH'),
(170, N'Bùi Thị Luyến', 'buithiluyen@hust.edu.vn', 'M', 'KTHH'),
(171, N'Trần Hoài Nam', 'tranhoainam@hust.edu.vn', 'M', 'LLCT'),
(172, N'Trần Bá Đề', 'tranbade@hust.edu.vn', 'M', 'LLCT'),
(173, N'Tô Văn Dực', 'tovanduc@hust.edu.vn', 'M', 'LLCT'),
(174, N'Bùi Thanh Nhu', 'buithanhnhu@hust.edu.vn', 'M', 'LLCT'),
(175, N'Đặng Ngọc Huy', 'dangngochuy@hust.edu.vn', 'M', 'LLCT'),
(176, N'Bùi Trung Kiên', 'buitrungkien@hust.edu.vn', 'M', 'NN'),
(177, N'Tống Thị Ph­ượng', 'tongthiph­uong@hust.edu.vn', 'F', 'NN'),
(178, N'Đỗ Chí Thành', 'dochithanh@hust.edu.vn', 'M', 'NN'),
(179, N'Nguyễn Thị Thuỳ', 'nguyenthithuy@hust.edu.vn', 'F', 'NN'),
(180, N'Nguyễn Thị Mến', 'nguyenthimen@hust.edu.vn', 'F', 'NN'),
(181, N'Lê Văn Tùng', 'levantung@hust.edu.vn', 'M', 'TUD'),
(182, N'Phạm Hữu Chiến', 'phamhuuchien@hust.edu.vn', 'M', 'TUD'),
(183, N'Đào Đức Hùng', 'daoduchung@hust.edu.vn', 'M', 'TUD'),
(184, N'Đoàn Thị Như­ Quỳnh', 'doanthinhu­quynh@hust.edu.vn', 'F', 'TUD'),
(185, N'Giang Quốc Khánh', 'giangquockhanh@hust.edu.vn', 'M', 'TUD'),
(186, N'Trần Thị Thơm', 'tranthithom@hust.edu.vn', 'F', 'VD'),
(187, N'Đỗ Thị Hoa', 'dothihoa@hust.edu.vn', 'F', 'VD'),
(188, N'Đỗ Thanh Tùng', 'dothanhtung@hust.edu.vn', 'M', 'VD'),
(189, N'Nguyễn Thế Vĩnh', 'nguyenthevinh@hust.edu.vn', 'M', 'VD'),
(190, N'Nguyễn Thị Thu­ Duyên', 'nguyenthithu­duyen@hust.edu.vn', 'F', 'VD'),
(191, N'D­ương Thị Lan', 'd­uongthilan@hust.edu.vn', 'F', 'VD'),
(192, N'Lê Quyết Thắng', 'lequyetthang@hust.edu.vn', 'M', 'VLKT'),
(193, N'Đoàn Thị Bích Thuỷ', 'doanthibichthuy@hust.edu.vn', 'F', 'VLKT'),
(194, N'Nguyễn Thị Trang', 'nguyenthitrang@hust.edu.vn', 'F', 'VLKT'),
(195, N'Nguyễn Thanh Tùng', 'nguyenthanhtung@hust.edu.vn', 'M', 'VLKT'),
(196, N'Đinh Đăng Định', 'dinhdangdinh@hust.edu.vn', 'M', 'VLKT');

CREATE TABLE class (
    class_id varchar(10) primary key,
    department_id varchar(10) not null,
    lecturer_id varchar(10) not null,
    monitor_id varchar(10) not null,
    tuition_fee_per_credit int not null,
    FOREIGN KEY (department_id) REFERENCES department(department_id),
    FOREIGN KEY (lecturer_id) REFERENCES lecturer(lecturer_id)
);

INSERT INTO class VALUES
('ICT 01-K63', 'CNTT', '105', '20190007', 500000),
('ICT 02-K63', 'CNTT', '109', '20194249', 500000),
('ICT 01-K64', 'CNTT', '136', '20204744', 550000),
('ICT 02-K64', 'CNTT', '125', '20204800', 550000);


CREATE TABLE student (
    student_id varchar(10) PRIMARY KEY,
    class_id varchar(10) not null,
    student_name nvarchar(30) not null,
    gender char(1) not null,
    email varchar(50) not null,
    dob date not null,
    address varchar(50),
    CHECK (gender = 'F' or gender = 'M'),
    FOREIGN KEY (class_id) REFERENCES class(class_id)
);

INSERT INTO student VALUES 
(20190007, 'ICT 01-K63', N'Lê Hoài Anh', 'F', 'anh.lh180007@sis.hust.edu.vn', '11.01.2000', 'Thai Binh'),
(20194237, 'ICT 02-K63', N'Nguyễn Việt Anh', 'M', 'anh.nv184237@sis.hust.edu.vn', '10.19.2000', 'Ha Noi'),
(20194238, 'ICT 01-K63', N'Nguyễn Thị Minh Châu', 'F', 'chau.nt184238@sis.hust.edu.vn', '03.27.2000', 'Thai Binh'),
(20194239, 'ICT 02-K63', N'Nguyễn Thế Chính', 'M', 'chinh.nt184239@sis.hust.edu.vn', '11.03.2000', 'Hai Phong'),
(20194241, 'ICT 02-K63', N'Nguyễn Đức Đạt', 'M', 'dat.nd184241@sis.hust.edu.vn', '11.08.2000', 'Hai Phong'),
(20194242, 'ICT 01-K63', N'Phạm Thành Đạt', 'M', 'dat.pt184242@sis.hust.edu.vn', '04.10.2000', 'Hai Phong'),
(20194243, 'ICT 02-K63', N'Trần Ngọc Đức', 'M', 'duc.tn184243@sis.hust.edu.vn', '07.09.2000', 'Hai Phong'),
(20194244, 'ICT 01-K63', N'Nguyễn Thuỳ Dung', 'F', 'dung.nt184244@sis.hust.edu.vn', '11.10.2000', 'Hai Duong'),
(20194245, 'ICT 02-K63', N'Đỗ Xuân Dũng', 'M', 'dung.dx184245@sis.hust.edu.vn', '01.04.2000', 'Quang Ninh'),
(20194246, 'ICT 01-K63', N'Nguyễn Tuấn Dũng', 'M', 'dung.nt184246@sis.hust.edu.vn', '07.13.2000', 'Hai Phong'),
(20194247, 'ICT 02-K63', N'Nguyễn Tuấn Dũng', 'M', 'dung.nt184247@sis.hust.edu.vn', '01.01.2000', 'Thai Binh'),
(20194248, 'ICT 01-K63', N'Trần Lê Hải Dương', 'M', 'duong.tl184248@sis.hust.edu.vn', '12.12.2000', 'Hai Phong'),
(20194249, 'ICT 02-K63', N'Nguyễn Anh Duy', 'M', 'duy.na184249@sis.hust.edu.vn', '09.11.2000', 'Hai Phong'),
(20194250, 'ICT 01-K63', N'Hoàng Mạnh Hà', 'M', 'ha.hm184250@sis.hust.edu.vn', '12.01.2000', 'Hai Phong'),
(20194251, 'ICT 02-K63', N'Hoàng Thúy Hà', 'F', 'ha.ht184251@sis.hust.edu.vn', '03.08.2000', 'Hai Phong'),
(20194252, 'ICT 01-K63', N'Nguyễn Thái Hà', 'M', 'ha.nt184252@sis.hust.edu.vn', '12.10.2000', 'Hai Phong'),
(20194253, 'ICT 02-K63', N'Chu Mạnh Hải', 'M', 'hai.cm184253@sis.hust.edu.vn', '09.06.2000', 'Ninh Binh'),
(20194254, 'ICT 01-K63', N'Lê Thanh Hải', 'M', 'hai.lt184254@sis.hust.edu.vn', '05.04.2000', 'Thanh Hoa'),
(20194255, 'ICT 02-K63', N'Trịnh Thu Hải', 'F', 'hai.tt184255@sis.hust.edu.vn', '05.06.2000', 'Thanh Hoa'),
(20194256, 'ICT 01-K63', N'Đỗ Huy Hiếu', 'M', 'hieu.dh184256@sis.hust.edu.vn', '09.11.2000', 'Thanh Hoa'),
(20194257, 'ICT 02-K63', N'Lê Minh Hiếu', 'M', 'hieu.lm184257@sis.hust.edu.vn', '04.02.2000', 'Thai Binh'),
(20194258, 'ICT 01-K63', N'Nguyễn Đức Hiếu', 'M', 'hieu.nd184258@sis.hust.edu.vn', '12.01.2000', 'Ninh Binh'),
(20194260, 'ICT 01-K63', N'Nguyễn Văn Hiếu', 'M', 'hieu.nv184260@sis.hust.edu.vn', '05.06.2000', 'Ninh Binh'),
(20194261, 'ICT 02-K63', N'Thân Ngọc Hoàn', 'M', 'hoan.tn184261@sis.hust.edu.vn', '10.01.2000', 'Thai Binh'),
(20194262, 'ICT 01-K63', N'Đỗ Việt Hoàng', 'M', 'hoang.dv184262@sis.hust.edu.vn', '11.09.2000', 'Quang Ninh'),
(20194263, 'ICT 02-K63', N'Lê  Hoàng', 'M', 'hoang.l184263@sis.hust.edu.vn', '10.12.2000', 'Ha Noi'),
(20194264, 'ICT 01-K63', N'Nguyễn Huy Hoàng', 'M', 'hoang.nh184264@sis.hust.edu.vn', '07.07.2000', 'Quang Ninh'),
(20194265, 'ICT 02-K63', N'Nguyễn Huy Hoàng', 'M', 'hoang.nh184265@sis.hust.edu.vn', '08.10.2000', 'Ha Noi'),
(20194266, 'ICT 01-K63', N'Phạm Huy Hoàng', 'M', 'hoang.ph184266@sis.hust.edu.vn', '09.01.2000', 'Quang Ninh'),
(20194267, 'ICT 02-K63', N'Nguyễn Ngọc Huân', 'M', 'huan.nn184267@sis.hust.edu.vn', '02.01.2000', 'Ha Noi'),
(20200096, 'ICT 01-K64', N'Nguyễn Đình Duy', 'M', 'duy.nd190096@sis.hust.edu.vn', '10.03.2001', 'Ha Noi'),
(20204724, 'ICT 01-K64', N'Nguyễn Trường An', 'M', 'an.nt194724@sis.hust.edu.vn', '06.01.2001', 'Ha Noi'),
(20204727, 'ICT 01-K64', N'Phan Nguyên Anh', 'M', 'anh.pn194727@sis.hust.edu.vn', '03.10.2001', 'Ha Noi'),
(20204730, 'ICT 01-K64', N'Phan Tiến Bắc', 'M', 'bac.pt194730@sis.hust.edu.vn', '06.10.2001', 'Ha Noi'),
(20204735, 'ICT 01-K64', N'Đinh Hữu Đại', 'M', 'dai.dh194735@sis.hust.edu.vn', '04.03.2001', 'Quang Ninh'),
(20204738, 'ICT 01-K64', N'Trần Hải Đăng', 'M', 'dang.th194738@sis.hust.edu.vn', '10.27.2001', 'Quang Ninh'),
(20204741, 'ICT 01-K64', N'Phạm Lê Mạnh Đức', 'M', 'duc.pl194741@sis.hust.edu.vn', '02.21.2001', 'Thanh Hoa'),
(20204744, 'ICT 01-K64', N'Huỳnh Tuấn Dũng', 'M', 'dung.ht194744@sis.hust.edu.vn', '06.18.2001', 'Ha Noi'),
(20204746, 'ICT 01-K64', N'Trần Tấn Dũng', 'M', 'dung.tt194746@sis.hust.edu.vn', '06.11.2001', 'Ha Noi'),
(20204751, 'ICT 01-K64', N'Nguyễn Trường Giang', 'M', 'giang.nt194751@sis.hust.edu.vn', '11.19.2001', 'Thanh Hoa'),
(20204754, 'ICT 01-K64', N'Nguyễn Đức Hải', 'M', 'hai.nd194754@sis.hust.edu.vn', '02.01.2001', 'Hai Phong'),
(20204757, 'ICT 01-K64', N'Hoàng Thị Hằng', 'F', 'hang.ht194757@sis.hust.edu.vn', '05.18.2001', 'Hai Phong'),
(20204760, 'ICT 01-K64', N'Nguyễn Minh Hiếu', 'M', 'hieu.nm194760@sis.hust.edu.vn', '08.08.2001', 'Hai Phong'),
(20204763, 'ICT 01-K64', N'Phạm Trung Hiếu', 'M', 'hieu.pt194763@sis.hust.edu.vn', '04.01.2001', 'Hai Duong'),
(20204766, 'ICT 01-K64', N'Lê Huy Hoàng', 'M', 'hoang.lh194766@sis.hust.edu.vn', '09.08.2001', 'Hai Duong'),
(20204771, 'ICT 02-K64', N'Vũ Phạm Việt Hoàng', 'M', 'hoang.vp194771@sis.hust.edu.vn', '05.12.2001', 'Thai Binh'),
(20204774, 'ICT 02-K64', N'Phạm Quang Hưng', 'M', 'hung.pq194774@sis.hust.edu.vn', '08.11.2001', 'Thai Binh'),
(20204776, 'ICT 02-K64', N'Lê Đình Huy', 'M', 'huy.ld194776@sis.hust.edu.vn', '09.15.2001', 'Thai Binh'),
(20204779, 'ICT 02-K64', N'Phạm Vũ Huy', 'M', 'huy.pv194779@sis.hust.edu.vn', '05.27.2001', 'Thai Binh'),
(20204782, 'ICT 02-K64', N'Đinh Ngọc Khuê', 'M', 'khue.dn194782@sis.hust.edu.vn', '04.28.2001', 'Ha Noi'),
(20204785, 'ICT 02-K64', N'Đỗ Thành Lâm', 'M', 'lam.dt194785@sis.hust.edu.vn', '10.09.2001', 'Ha Noi'),
(20204788, 'ICT 02-K64', N'Trần Tùng Lâm', 'M', 'lam.tt194788@sis.hust.edu.vn', '09.03.2001', 'Ha Noi'),
(20204791, 'ICT 02-K64', N'Nguyễn Đình Lộc', 'M', 'loc.nd194791@sis.hust.edu.vn', '09.16.2001', 'Ha Noi'),
(20204794, 'ICT 02-K64', N'Đào Đức Mạnh', 'M', 'manh.dd194794@sis.hust.edu.vn', '12.04.2001', 'Ha Noi'),
(20204797, 'ICT 02-K64', N'Lê Nguyễn Tuấn Minh', 'M', 'minh.ln194797@sis.hust.edu.vn', '07.05.2001', 'Ha Noi'),
(20204800, 'ICT 02-K64', N'Nguyễn Thái Minh', 'M', 'minh.nt194800@sis.hust.edu.vn', '01.06.2001', 'Ninh Binh'),
(20204803, 'ICT 02-K64', N'Phạm Đức Minh', 'M', 'minh.pd194803@sis.hust.edu.vn', '05.09.2001', 'Ninh Binh'),
(20204806, 'ICT 02-K64', N'Cấn Hoài Nam', 'M', 'nam.ch194806@sis.hust.edu.vn', '02.10.2001', 'Quang Ninh'),
(20204809, 'ICT 02-K64', N'Vũ Hoàng Nam', 'M', 'nam.vh194809@sis.hust.edu.vn', '04.05.2001', 'Quang Ninh'),
(20204815, 'ICT 02-K64', N'Nguyễn Đăng Ninh', 'M', 'ninh.nd194815@sis.hust.edu.vn', '11.01.2001', 'Quang Ninh');


create table subject_list(
    subject_id varchar(10) NOT NULL PRIMARY KEY ,
    department_id varchar(10) not null, 
    subject_name nvarchar(50) NOT NULL,
    subject_credit int NOT NULL,
    fee_credit decimal(3,1) NOT NULL,
    final_weight decimal(2,1) NOT NULL,
    prerequisite varchar(10),
    FOREIGN KEY (department_id) REFERENCES department(department_id)
);

INSERT INTO subject_list VALUES
('ME2140', 'CK', N'Cơ học kỹ thuật I', 3, 4, 0.7, ''),
('ME3010', 'CK', N'Cơ học kỹ thuật II', 3, 4, 0.7, 'ME2140'),
('ME2030', 'CK', N'Cơ khí đại cương', 2, 3, 0.7, ''),
('ME2023', 'CK', N'Đồ họa kỹ thuật', 2, 3.5, 0.6, ''),
('ME3036', 'CK', N'Nguyên lý máy', 3, 4.5, 0.6, 'ME2140'),
('IT1010', 'CNTT', N'Tin học đại cương', 3, 5.5, 0.6, ''),
('IT1011', 'CNTT', N'Nhập môn CNTT và TT', 2, 2, 0.8, ''),
('IT2120', 'CNTT', N'Kiến thức máy tính', 2, 4, 0.6, ''),
('IT3010', 'CNTT', N'Cấu trúc dữ liệu và giải thuật', 3, 4, 0.7, ''),
('IT2020', 'CNTT', N'Lập trình C cơ bản', 2, 4, 0.7, ''),
('IT3020', 'CNTT', N'Lập trình C nâng cao', 2, 4, 0.7, 'IT2020'),
('IT3030', 'CNTT', N'Toán rời rạc', 3, 4, 0.5, ''),
('IT3071', 'CNTT', N'Hệ điều hành', 2, 2, 0.7, 'IT2120'),
('IT3080', 'CNTT', N'Mạng máy tính', 3, 4, 0.7, ''),
('IT3050', 'CNTT', N'Lập trình hướng đối tượng', 3, 4, 0.7, 'IT3020'),
('TEX4022', 'DM', N'Lịch sử trang phục', 2, 2, 0.75, ''),
('TEX4032', 'DM', N'Thiết bị may công nghiệp', 3, 3, 0.75, ''),
('TEX4041', 'DM', N'Kỹ thuật dệt thoi', 3, 3, 0.75, ''),
('TEX4031', 'DM', N'Công nghệ dệt kim I', 3, 3, 0.75, ''),
('TEX4051', 'DM', N'Công nghệ dệt kim II', 3, 5, 0.75, 'TEX4031'),
('MIL1110', 'GDQP', N'Đường lối quân sự', 0, 3, 0.7, ''),
('MIL1120', 'GDQP', N'Công tác quốc phòng an ninh', 0, 3, 0.7, ''),
('MIL1130', 'GDQP', N'QS chung và KCT bắn súng AK', 0, 5, 0.7, ''),
('MIL1010', 'GDQP', N'Giáo dục quốc phòng 1', 0, 3, 1, ''),
('MIL2010', 'GDQP', N'Giáo dục quốc phòng 2', 0, 3, 1, 'MIL1010'),
('PE1010', 'GDTC', N'Giáo dục thể chất A', 0, 1.5, 1, ''),
('PE1020', 'GDTC', N'Giáo dục thể chất B', 0, 1.5, 1, 'PE1010'),
('PE1030', 'GDTC', N'Giáo dục thể chất C', 0, 1.5, 1, 'PE1020'),
('PE2020', 'GDTC', N'Giáo dục thể chất E', 0, 1.5, 1, 'PE1030'),
('PE1014', 'GDTC', N'Lý luận TDTT', 0, 1.5, 1, ''),
('PE3304', 'GDTC', N'Chuyên sâu Bóng rổ 4', 0, 1.5, 1, ''),
('PE2010', 'GDTC', N'Giáo dục thể chất D', 0, 1.5, 1, ''),
('PE2011', 'GDTC', N'Bóng đá I', 0, 1.5, 1, ''),
('PE2012', 'GDTC', N'Bóng chuyền I', 0, 1.5, 1, ''),
('PE2013', 'GDTC', N'Bóng rổ I', 0, 1.5, 1, ''),
('PE2014', 'GDTC', N'Bóng ném I', 0, 1.5, 1, ''),
('PE2015', 'GDTC', N'Aerobic I', 0, 1.5, 1, ''),
('PE2016', 'GDTC', N'Cầu lông I', 0, 1.5, 1, ''),
('PE2017', 'GDTC', N'Bóng bàn I', 0, 1.5, 1, ''),
('PE2018', 'GDTC', N'Giáo dục thể chất E6', 0, 1.5, 1, ''),
('PE2019', 'GDTC', N'Giáo dục thể chất E7', 0, 1.5, 1, ''),
('PE2021', 'GDTC', N'Bóng đá II', 0, 1.5, 1, 'PE1014'),
('PE2022', 'GDTC', N'Bóng chuyền II', 0, 1.5, 1, 'PE1014'),
('PE2023', 'GDTC', N'Bóng rổ II', 0, 1.5, 1, 'PE1014'),
('PE2024', 'GDTC', N'Bóng ném II', 0, 1.5, 1, 'PE1014'),
('MSE3040', 'KH_KTVL', N'Nhiệt động học & động học các phản ứng', 2, 3, 0.75, ''),
('MSE3050', 'KH_KTVL', N'Cơ học vật liệu', 3, 4, 0.7, ''),
('MSE3060', 'KH_KTVL', N'Ăn mòn và bảo vệ vật liệu', 2, 4.5, 0.75, 'MSE3220'),
('MSE3070', 'KH_KTVL', N'Công nghệ vật liệu', 2, 4, 0.75, 'MSE3220'),
('MSE3110', 'KH_KTVL', N'Khoáng vật học và tuyển khoáng', 2, 3, 0.75, ''),
('MSE3120', 'KH_KTVL', N'Khuếch tán và chuyển pha', 2, 3, 0.75, ''),
('MSE3130', 'KH_KTVL', N'Lý thuyết độ bền', 2, 3, 0.75, 'MSE3210'),
('MSE3140', 'KH_KTVL', N'Lý thuyết các quá trình luyện kim', 2, 3.5, 0.75, 'MSE3210'),
('MSE3150', 'KH_KTVL', N'Lý thuyết quá trình kết tinh và đông đặc', 2, 4, 0.8, 'MSE3210'),
('MSE3160', 'KH_KTVL', N'Lý thuyết biến dạng dẻo', 3, 4, 0.75, ''),
('MSE3170', 'KH_KTVL', N'Lý thuyết quá trình nhiệt luyện', 2, 4, 0.8, ''),
('MSE3180', 'KH_KTVL', N'Các phương pháp số I', 2, 3, 0.8, ''),
('MSE3017', 'KH_KTVL', N'Vật liệu Ceramic', 3, 4.5, 0.7, ''),
('MSE3190', 'KH_KTVL', N'Các phương pháp số II', 2, 3, 0.75, 'MSE3180'),
('MSE3210', 'KH_KTVL', N'Vật liệu kim loại', 2, 3.5, 0.8, ''),
('MSE3220', 'KH_KTVL', N'Vật liệu học đại cương', 2, 4, 0.8, ''),
('CH3030', 'KTHH', N'Hóa lý 4 (Điện hóa học và hóa Nkeo)', 2, 4, 0.75, ''),
('CH3100', 'KTHH', N'Hóa vô cơ 1 (KTHH)', 3, 5, 0.75, 'CH3121'),
('CH3110', 'KTHH', N'Hóa vô cơ 2 (KTHH)', 2, 4, 0.75, 'CH3121'),
('CH3121', 'KTHH', N'Hóa vô cơ', 2, 3, 0.7, ''),
('CH3122', 'KTHH', N'Hóa vô cơ (CN môi trường)', 2, 3, 0.75, ''),
('CH3201', 'KTHH', N'Hóa hữu cơ', 2, 3, 0.8, ''),
('CH3210', 'KTHH', N'Hóa hữu cơ 2 (KTHH)', 3, 5, 0.75, 'CH3201'),
('CH3211', 'KTHH', N'Hóa hữu cơ 2 (CN in)', 2, 3, 0.75, 'CH3201'),
('CH3221', 'KTHH', N'Hóa hữu cơ (máy hoá)', 3, 5, 0.75, 'CH3201'),
('CH3222', 'KTHH', N'Hóa hữu cơ (luyện kim)', 2, 3, 0.75, 'CH3201'),
('CH1018', 'KTHH', N'Hoá học', 2, 3, 0.7, ''),
('CH3081', 'KTHH', N'Hoá lý', 2, 3, 0.7, ''),
('CH3082', 'KTHH', N'Thí nghiệm Hoá lý', 1, 3, 0.7, ''),
('CH3300', 'KTHH', N'Hóa phân tích 1 (KTHH)', 3, 4,0.75, 'CH3082'),
('CH3301', 'KTHH', N'Hóa phân tích 1 (máy hoá)', 2, 3, 0.75, 'CH3082'),
('CH3302', 'KTHH', N'Hóa phân tích 1 (CN nhuộm)', 2, 3, 0.75, 'CH3082'),
('CH3303', 'KTHH', N'Hóa phân tích 1 (CN Môi trường)', 2, 3, 0.75, 'CH3082'),
('CH3305', 'KTHH', N'Hóa phân tích (CN Vật liệu)', 2, 3, 0.75, ''),
('CH2010', 'KTHH', N'Cơ sở hóa học vật liệu', 3, 4.5, 0.7, ''),
('SSH1010', 'LLCT', N'Triết học Mác-Lênin', 4, 7.5, 0.7, ''),
('SSH1020', 'LLCT', N'Kinh tế chính trị', 3, 6, 0.7, ''),
('SSH1040', 'LLCT', N'CNXH khoa học', 2, 5, 0.7, ''),
('SSH1050', 'LLCT', N'Tư tưởng HCM', 2, 2, 0.7, ''),
('SSH1060', 'LLCT', N'Luật', 2, 2, 0.7, ''),
('SSH1120', 'LLCT', N'Những NLCB của CNML II', 3, 3, 0.7, 'SSH1110'),
('SSH1110', 'LLCT', N'Những NLCB của CNML I', 2, 3, 0.7, ''),
('SSH1130', 'LLCT', N'Đường lối CM của ĐCSVN', 3, 3, 0.7, ''),
('SSH3010', 'LLCT', N'Kinh tế chính trị (nâng cao)', 2, 3, 0.7, 'SSH1020'),
('SSH1170', 'LLCT', N'Pháp luật đại cương', 2, 2, 0.7, ''),
('SSH1131', 'LLCT', N'Chủ nghĩa xã hội khoa học', 2, 2, 0.7, 'SSH1050'),
('SSH1141', 'LLCT', N'Lịch sử Đảng cộng sản Việt Nam', 2, 2, 0.7, 'SSH1050'),
('SSH1151', 'LLCT', N'Tư tưởng Hồ Chí Minh', 2, 2, 0.7, 'SSH1050'),
('SSH1121', 'LLCT', N'Kinh tế chính trị Mác - Lênin', 2, 2, 0.7, 'SSH1020'),
('FL1010', 'NN', N'Tiếng Anh I', 3, 5, 0.7, ''),
('FL1020', 'NN', N'Tiếng Anh II', 3, 4, 0.7, 'FL1010'),
('FL2010', 'NN', N'Tiếng Anh KHKT', 2, 3, 0.7, 'FL1020'),
('FL3011', 'NN', N'Kỹ năng nói tiếng Anh I', 2, 3, 0.5, ''),
('FL3031', 'NN', N'Kỹ năng đọc tiếng Anh I', 2, 3, 0.6, ''),
('FL3021', 'NN', N'Kỹ năng nghe tiếng Anh I', 2, 3, 0.6, ''),
('FL1019', 'NN', N'Kỹ năng viết TA I', 2, 4, 0.5, ''),
('FL3012', 'NN', N'Kỹ năng nói tiếng Anh II', 2, 3, 0.5, 'FL3011'),
('FL3022', 'NN', N'Kỹ năng nghe tiếng Anh II', 3, 4, 0.6, 'FL3021'),
('FL3032', 'NN', N'Kỹ năng đọc tiếng Anh II', 3, 4, 0.6, 'FL3031'),
('FL1029', 'NN', N'Kỹ năng viết TA II', 2, 4, 0.5, 'FL1019'),
('MI1010', 'TUD', N'Giải tích I', 3, 5, 0.7, ''),
('MI1030', 'TUD', N'Đại số', 3, 5, 0.7, ''),
('MI1020', 'TUD', N'Giải tích II', 3, 4, 0.7, 'MI1010'),
('MI3010', 'TUD', N'Toán rời rạc', 2, 2, 0.7, ''),
('MI1043', 'TUD', N'Giải tích III', 3, 4, 0.7, 'MI1020'),
('MI3110', 'TUD', N'Kiến trúc máy tính và hợp ngữ', 3, 4, 0.7, 'MI3010'),
('MI2020', 'TUD', N'Xác suất thống kê', 3, 4, 0.7, ''),
('MI4260', 'TUD', N'An toàn HTTT', 3, 4, 0.7, ''),
('MI2044', 'TUD', N'Phương pháp tính', 2, 3, 0.5, ''),
('EE2010', 'VD', N'Kỹ thuật điện', 3, 4.5, 0.7, 'PH1110'),
('EE2040', 'VD', N'Nhập môn thiết kế hệ thống điều khiển', 3, 4, 0.7, ''),
('EE3010', 'VD', N'Lý thuyết mạch điện I', 4, 6, 0.7, ''),
('EE3051', 'VD', N'Mạch điện tử tương tự', 2, 4, 0.75, 'EE3010'),
('EE3059', 'VD', N'Cảm biến đo lường và xử lý tín hiệu đo', 2, 3, 0.7, 'EE2010'),
('EE3099', 'VD', N'Điện tử tương tự và số', 4, 7, 0.75, ''),
('EE3110', 'VD', N'Kỹ thuật đo lường', 3, 4.5, 0.6, 'EE3051'),
('EE3513', 'VD', N'Truyền động điện', 4, 5, 0.7, ''),
('EE3552', 'VD', N'Điều khiển quá trình', 2, 4, 0.7, ''),
('PH3330', 'VLKT', N'Vật lý điện tử', 3, 3, 0.7, ''),
('PH1016', 'VLKT', N'Vật lý đại cương I', 4, 5.5, 0.6, ''),
('PH1026', 'VLKT', N'Vật lý đại cương II', 4, 6.5, 0.6, 'PH1016'),
('PH1036', 'VLKT', N'Vật lý đại cương III', 4, 5.5, 0.6, 'PH1026'),
('PH3030', 'VLKT', N'Trường điện từ', 3, 3, 0.7, ''),
('PH3060', 'VLKT', N'Cơ học lượng tử', 3, 4, 0.7, ''),
('PH3020', 'VLKT', N'Cơ giải tích', 2, 2, 0.7, ''),
('PH3010', 'VLKT', N'Phương pháp toán cho vật lý', 3, 4, 0.7, ''),
('PH3160', 'VLKT', N'Kỹ thuật vi xử lý', 2, 4, 0.7, ''),
('PH3220', 'VLKT', N'Vật lý bán dẫn', 2, 4, 0.7, '');

CREATE TABLE subject_class ( 
	subject_class_id varchar(10) NOT NULL,
	semester varchar(10) NOT NULL,
	subject_id varchar(10) NOT NULL,
	week varchar(25) NOT NULL,
	day int NOT NULL,
	start_time varchar(5) NOT NULL,
	end_time varchar(5) NOT NULL,
    room varchar(10) NOT NULL,
    lecturer_id varchar(10) NOT NULL,
    PRIMARY KEY (subject_class_id, semester),
    FOREIGN KEY (subject_id) REFERENCES subject_list(subject_id),
    FOREIGN KEY (lecturer_id) REFERENCES lecturer(lecturer_id)
);

INSERT INTO subject_class VALUES
(100101, 20191, 'ME2140', '2-9, 11-18', 2, '6:45', '8:25', 'D3 -101', 141),
(100102, 20191, 'ME2140', '2-9, 11-18', 2, '8:30', '10:00', 'D3 -101', 141),
(100103, 20191, 'ME3010', '2-9, 11-18', 2, '10:15', '11:45', 'D3-201', 142),
(100104, 20191, 'ME2030', '2-9, 11-18', 2, '12:30', '14:00', 'D5-101', 143),
(100105, 20191, 'ME2023', '2-9, 11-18', 2, '14:15', '15:50', 'D3-201', 144),
(100106, 20191, 'ME3036', '2-9, 11-18', 2, '16:00', '17:30', 'D3-302', 145),
(100201, 20191, 'IT1010', '2-9, 11-18', 3, '6:45', '8:25', 'D9-401', 101),
(100202, 20191, 'IT1011', '2-9, 11-18', 3, '8:30', '10:00', 'D9-402', 102),
(100203, 20191, 'IT2120', '2-9, 11-18', 3, '10:15', '11:50', 'D9-403', 103),
(100204, 20191, 'IT3010', '2-9, 11-18', 3, '12:30', '14:00', 'D9-101', 104),
(100205, 20191, 'IT2020', '2-9, 11-18', 3, '14:10', '15:50', 'D9-102', 105),
(100206, 20191, 'IT3020', '2-9, 11-18', 3, '16:00', '17:30', 'D9-103', 106),
(100207, 20191, 'IT3030', '2-9, 11-18', 4, '6:45', '8:25', 'D9-201', 107),
(100208, 20191, 'IT3071', '2-9, 11-18', 4, '8:30', '10:00', 'D9-202', 108),
(100209, 20191, 'IT3080', '2-9, 11-18', 4, '10:15', '11:50', 'D9-203', 109),
(100210, 20191, 'IT3050', '2-9, 11-18', 4, '12:30', '14:00', 'D9-301', 110),
(100211, 20191, 'IT3050', '2-9, 11-18', 4, '14:10', '15:50', 'D9-501', 111),
(100212, 20191, 'IT3080', '2-9, 11-18', 4, '16:00', '17:30', 'D9-502', 112),
(100301, 20191, 'TEX4022', '2-9, 11-18', 5, '6:45', '8:25', 'D3 -101', 146),
(100302, 20191, 'TEX4032', '2-9, 11-18', 5, '8:30', '10:00', 'D3-201', 147),
(100303, 20191, 'TEX4041', '2-9, 11-18', 5, '10:15', '11:45', 'D5-101', 148),
(100304, 20191, 'TEX4031', '2-9, 11-18', 5, '12:30', '14:45', 'D3-201', 149),
(100305, 20191, 'TEX4051', '2-9, 11-18', 5, '15:00', '17:30', 'D3-302', 150),
(100401, 20191, 'MIL1110', '2-9, 11-18', 6, '6:45', '8:25', 'D9-401', 151),
(100402, 20191, 'MIL1120', '2-9, 11-18', 6, '8:30', '10:00', 'D9-402', 152),
(100403, 20191, 'MIL1130', '2-9, 11-18', 6, '10:15', '11:45', 'D9-403', 153),
(100404, 20191, 'MIL1010', '2-9, 11-18', 6, '12:30', '14:45', 'D9-101', 154),
(100405, 20191, 'MIL2010', '2-9, 11-18', 6, '15:00', '17:30', 'D9-102', 155),
(100101, 20192, 'ME2140', '24-31, 33-40', 2, '6:45', '8:25', 'D3 -101', 141),
(100102, 20192, 'ME2140', '24-31, 33-40', 2, '8:30', '10:00', 'D3 -101', 141),
(100103, 20192, 'ME3010', '24-31, 33-40', 2, '10:15', '11:45', 'D3-201', 142),
(100104, 20192, 'ME2030', '24-31, 33-40', 2, '12:30', '14:00', 'D5-101', 143),
(100105, 20192, 'ME2023', '24-31, 33-40', 2, '14:15', '15:50', 'D3-201', 144),
(100106, 20192, 'ME3036', '24-31, 33-40', 2, '16:00', '17:30', 'D3-302', 145),
(100201, 20192, 'IT1010', '24-31, 33-40', 3, '6:45', '8:25', 'D9-401', 113),
(100202, 20192, 'IT1011', '24-31, 33-40', 3, '8:30', '10:00', 'D9-402', 114),
(100203, 20192, 'IT2120', '24-31, 33-40', 3, '10:15', '11:50', 'D9-403', 115),
(100204, 20192, 'IT3010', '24-31, 33-40', 3, '12:30', '14:00', 'D9-101', 116),
(100205, 20192, 'IT2020', '24-31, 33-40', 3, '14:10', '15:50', 'D9-102', 117),
(100206, 20192, 'IT3020', '24-31, 33-40', 3, '16:00', '17:30', 'D9-103', 118),
(100207, 20192, 'IT3030', '24-31, 33-40', 4, '6:45', '8:25', 'D9-201', 119),
(100208, 20192, 'IT3071', '24-31, 33-40', 4, '8:30', '10:00', 'D9-202', 120),
(100209, 20192, 'IT3080', '24-31, 33-40', 4, '10:15', '11:50', 'D9-203', 121),
(100210, 20192, 'IT3050', '24-31, 33-40', 4, '12:30', '14:00', 'D9-301', 122),
(100211, 20192, 'IT3050', '24-31, 33-40', 4, '14:10', '15:50', 'D9-501', 123),
(100212, 20192, 'IT3080', '24-31, 33-40', 4, '16:00', '17:30', 'D9-502', 124),
(100301, 20192, 'TEX4022', '24-31, 33-40', 5, '6:45', '8:25', 'D3 -101', 146),
(100302, 20192, 'TEX4032', '24-31, 33-40', 5, '8:30', '10:00', 'D3-201', 147),
(100303, 20192, 'TEX4041', '24-31, 33-40', 5, '10:15', '11:45', 'D5-101', 148),
(100304, 20192, 'TEX4031', '24-31, 33-40', 5, '12:30', '14:45', 'D3-201', 149),
(100305, 20192, 'TEX4051', '24-31, 33-40', 5, '15:00', '17:30', 'D3-302', 150),
(100401, 20192, 'MIL1110', '24-31, 33-40', 6, '6:45', '8:25', 'D9-401', 151),
(100402, 20192, 'MIL1120', '24-31, 33-40', 6, '8:30', '10:00', 'D9-402', 152),
(100403, 20192, 'MIL1130', '24-31, 33-40', 6, '10:15', '11:45', 'D9-403', 153),
(100404, 20192, 'MIL1010', '24-31, 33-40', 6, '12:30', '14:45', 'D9-101', 154),
(100405, 20192, 'MIL2010', '24-31, 33-40', 6, '15:00', '17:30', 'D9-102', 155),
(100101, 20201, 'ME2140', '2-9, 11-18', 2, '6:45', '8:25', 'D9-301', 141),
(100102, 20201, 'ME2140', '2-9, 11-18', 2, '8:30', '10:00', 'D9-501', 141),
(100103, 20201, 'ME3010', '2-9, 11-18', 2, '10:15', '11:45', 'D9-502', 142),
(100104, 20201, 'ME2030', '2-9, 11-18', 2, '12:30', '14:00', 'D3 -101', 143),
(100105, 20201, 'ME2023', '2-9, 11-18', 2, '14:15', '15:50', 'D3-201', 144),
(100106, 20201, 'ME3036', '2-9, 11-18', 2, '16:00', '17:30', 'D5-101', 145),
(100201, 20201, 'IT1010', '2-9, 11-18', 3, '6:45', '8:25', 'D3-201', 125),
(100202, 20201, 'IT1011', '2-9, 11-18', 3, '8:30', '10:00', 'D3-302', 126),
(100203, 20201, 'IT2120', '2-9, 11-18', 3, '10:15', '11:50', 'D9-401', 127),
(100204, 20201, 'IT3010', '2-9, 11-18', 3, '12:30', '14:00', 'D9-402', 128),
(100205, 20201, 'IT2020', '2-9, 11-18', 3, '14:10', '15:50', 'D9-403', 129),
(100206, 20201, 'IT3020', '2-9, 11-18', 3, '16:00', '17:30', 'D9-101', 130),
(100207, 20201, 'IT3030', '2-9, 11-18', 4, '6:45', '8:25', 'D9-102', 131),
(100208, 20201, 'IT3071', '2-9, 11-18', 4, '8:30', '10:00', 'D3 -101', 132),
(100209, 20201, 'IT3080', '2-9, 11-18', 4, '10:15', '11:50', 'D3 -101', 133),
(100210, 20201, 'IT3050', '2-9, 11-18', 4, '12:30', '14:00', 'D3-201', 134),
(100211, 20201, 'IT3050', '2-9, 11-18', 4, '14:10', '15:50', 'D5-101', 135),
(100212, 20201, 'IT3080', '2-9, 11-18', 4, '16:00', '17:30', 'D3-201', 136),
(100301, 20201, 'TEX4022', '2-9, 11-18', 5, '6:45', '8:25', 'D3-302', 146),
(100302, 20201, 'TEX4032', '2-9, 11-18', 5, '8:30', '10:00', 'D9-401', 147),
(100303, 20201, 'TEX4041', '2-9, 11-18', 5, '10:15', '11:45', 'D9-402', 148),
(100304, 20201, 'TEX4031', '2-9, 11-18', 5, '12:30', '14:45', 'D9-403', 149),
(100305, 20201, 'TEX4051', '2-9, 11-18', 5, '15:00', '17:30', 'D9-101', 150),
(100401, 20201, 'MIL1110', '2-9, 11-18', 6, '6:45', '8:25', 'D9-102', 151),
(100402, 20201, 'MIL1120', '2-9, 11-18', 6, '8:30', '10:00', 'D9-103', 152),
(100403, 20201, 'MIL1130', '2-9, 11-18', 6, '10:15', '11:45', 'D9-201', 153),
(100404, 20201, 'MIL1010', '2-9, 11-18', 6, '12:30', '14:45', 'D9-202', 154),
(100405, 20201, 'MIL2010', '2-9, 11-18', 6, '15:00', '17:30', 'D9-203', 155),
(100101, 20202, 'ME2140', '24-31, 33-40', 2, '6:45', '8:25', 'D3-302', 141),
(100102, 20202, 'ME2140', '24-31, 33-40', 2, '8:30', '10:00', 'D9-401', 141),
(100103, 20202, 'ME3010', '24-31, 33-40', 2, '10:15', '11:45', 'D9-402', 142),
(100104, 20202, 'ME2030', '24-31, 33-40', 2, '12:30', '14:00', 'D9-403', 143),
(100105, 20202, 'ME2023', '24-31, 33-40', 2, '14:15', '15:50', 'D9-101', 144),
(100106, 20202, 'ME3036', '24-31, 33-40', 2, '16:00', '17:30', 'D9-102', 145),
(100201, 20202, 'IT1010', '24-31, 33-40', 3, '6:45', '8:25', 'D9-301', 137),
(100202, 20202, 'IT1011', '24-31, 33-40', 3, '8:30', '10:00', 'D9-501', 138),
(100203, 20202, 'IT2120', '24-31, 33-40', 3, '10:15', '11:50', 'D9-502', 139),
(100204, 20202, 'IT3010', '24-31, 33-40', 3, '12:30', '14:00', 'D3 -101', 140),
(100205, 20202, 'IT2020', '24-31, 33-40', 3, '14:10', '15:50', 'D3-201', 109),
(100206, 20202, 'IT3020', '24-31, 33-40', 3, '16:00', '17:30', 'D5-101', 101),
(100207, 20202, 'IT3030', '24-31, 33-40', 4, '6:45', '8:25', 'D3-201', 102),
(100208, 20202, 'IT3071', '24-31, 33-40', 4, '8:30', '10:00', 'D3-302', 103),
(100209, 20202, 'IT3080', '24-31, 33-40', 4, '10:15', '11:50', 'D9-401', 104),
(100210, 20202, 'IT3050', '24-31, 33-40', 4, '12:30', '14:00', 'D9-402', 105),
(100211, 20202, 'IT3050', '24-31, 33-40', 4, '14:10', '15:50', 'D9-403', 106),
(100212, 20202, 'IT3080', '24-31, 33-40', 4, '16:00', '17:30', 'D9-101', 107),
(100301, 20202, 'TEX4022', '24-31, 33-40', 5, '6:45', '8:25', 'D9-102', 146),
(100302, 20202, 'TEX4032', '24-31, 33-40', 5, '8:30', '10:00', 'D3 -101', 147),
(100303, 20202, 'TEX4041', '24-31, 33-40', 5, '10:15', '11:45', 'D3 -101', 148),
(100304, 20202, 'TEX4031', '24-31, 33-40', 5, '12:30', '14:45', 'D3-201', 149),
(100305, 20202, 'TEX4051', '24-31, 33-40', 5, '15:00', '17:30', 'D5-101', 150),
(100401, 20202, 'MIL1110', '24-31, 33-40', 6, '6:45', '8:25', 'D3-201', 151),
(100402, 20202, 'MIL1120', '24-31, 33-40', 6, '8:30', '10:00', 'D3-302', 152),
(100403, 20202, 'MIL1130', '24-31, 33-40', 6, '10:15', '11:45', 'D9-401', 153),
(100404, 20202, 'MIL1010', '24-31, 33-40', 6, '12:30', '14:45', 'D9-402', 154),
(100405, 20202, 'MIL2010', '24-31, 33-40', 6, '15:00', '17:30', 'D9-403', 155),
(100501, 20191, 'PE1010', '2-9,11-18', 2, '6:45', '10:05', 'NTD', 156),
(100502, 20191, 'PE1020', '2-9,11-18', 3, '8:25', '11:00', 'SVD', 157),
(100503, 20191, 'PE1030', '2-9,11-18', 4, '10:15', '11:45', 'NTD', 158),
(100504, 20191, 'PE2020', '2-9,11-18', 5, '12:30', '14:00', 'SVD', 159),
(100505, 20192, 'PE1014', '24-31,33-40', 6, '13:05', '15:00', 'NTD', 157),
(100506, 20192, 'PE3304', '24-31,33-40', 7, '16:00', '17:30', 'NTD', 158),
(100507, 20192, 'PE2010', '24-31,33-40', 2, '6:45', '10:05', 'SVD', 157),
(100508, 20192, 'PE2011', '24-31,33-40', 3, '8:25', '11:00', 'NTD', 156),
(100509, 20201, 'PE2012', '2-9,11-18', 4, '10:15', '11:45', 'NTD', 157),
(100510, 20201, 'PE2013', '2-9,11-18', 5, '12:30', '14:00', 'SVD', 158),
(100511, 20201, 'PE2014', '2-9,11-18', 6, '13:05', '15:00', 'NTD', 156),
(100512, 20201, 'PE2015', '2-9,11-18', 7, '16:00', '17:30', 'SVD', 157),
(100513, 20202, 'PE2016', '24-31,33-40', 2, '6:45', '10:05', 'SVD', 158),
(100514, 20202, 'PE2017', '24-31,33-40', 3, '8:25', '11:00', 'SVD', 159),
(100515, 20202, 'PE2018', '24-31,33-40', 4, '10:15', '11:45', 'NTD', 156),
(100516, 20202, 'PE2019', '24-31,33-40', 5, '12:30', '14:00', 'NTD', 160),
(100517, 20202, 'PE2021', '24-31,33-40', 6, '13:05', '15:00', 'SVD', 160),
(100518, 20202, 'PE2022', '24-31,33-40', 7, '16:00', '17:30', 'NTD', 159),
(100519, 20202, 'PE2023', '24-31,33-40', 2, '6:45', '10:05', 'SVD', 160),
(100520, 20202, 'PE2024', '24-31,33-40', 3, '8:25', '11:00', 'TC', 160),
(100601, 20191, 'MSE3040', '2-9,11-18', 4, '10:15', '11:45', 'D4-401', 161),
(100602, 20191, 'MSE3050', '2-9,11-18', 5, '12:30', '14:00', 'D4-402', 162),
(100603, 20191, 'MSE3060', '2-9,11-18', 6, '13:05', '15:00', 'D4-403', 163),
(100604, 20191, 'MSE3070', '2-9,11-18', 7, '16:00', '17:30', 'D4-404', 164),
(100605, 20191, 'MSE3110', '2-9,11-18', 2, '6:45', '10:05', 'D4-405', 165),
(100606, 20191, 'MSE3120', '2-9,11-18', 3, '8:25', '11:00', 'D4-406', 165),
(100607, 20192, 'MSE3130', '24-31,33-40', 4, '10:15', '11:45', 'D9-104', 161),
(100608, 20192, 'MSE3140', '24-31,33-40', 5, '12:30', '14:00', 'D9-105', 162),
(100609, 20192, 'MSE3150', '24-31,33-40', 6, '13:05', '15:00', 'D9-106', 163),
(100610, 20192, 'MSE3160', '24-31,33-40', 7, '16:00', '17:30', 'D9-107', 164),
(100611, 20192, 'MSE3170', '24-31,33-40', 2, '6:45', '10:05', 'D9-201', 161),
(100612, 20201, 'MSE3180', '2-9,11-18', 3, '8:25', '11:00', 'D9-202', 162),
(100613, 20201, 'MSE3017', '2-9,11-18', 4, '10:15', '11:45', 'D9-203', 163),
(100614, 20201, 'MSE3190', '2-9,11-18', 5, '12:30', '14:00', 'D9-204', 164),
(100615, 20202, 'MSE3210', '24-31,33-40', 6, '13:05', '15:00', 'D9-205', 161),
(100616, 20202, 'MSE3220', '24-31,33-40', 7, '16:00', '17:30', 'D9-301', 162),
(100701, 20191, 'CH3030', '2-9,11-18', 2, '6:45', '10:05', 'D9-302', 166),
(100702, 20191, 'CH3100', '2-9,11-18', 3, '8:25', '11:00', 'D9-303', 167),
(100703, 20191, 'CH3110', '2-9,11-18', 4, '10:15', '11:45', 'D9-304', 168),
(100704, 20191, 'CH3121', '2-9,11-18', 5, '12:30', '14:00', 'D9-305', 169),
(100705, 20192, 'CH3122', '24-31,33-40', 6, '13:05', '15:00', 'D9-306', 166),
(100706, 20192, 'CH3201', '24-31,33-40', 7, '16:00', '17:30', 'D9-401', 167),
(100707, 20192, 'CH3210', '24-31,33-40', 2, '6:45', '10:05', 'D9-402', 168),
(100708, 20192, 'CH3211', '24-31,33-40', 3, '8:25', '11:00', 'D9-403', 169),
(100709, 20192, 'CH3221', '24-31,33-40', 4, '10:15', '11:45', 'D9-404', 170),
(100710, 20192, 'CH3222', '24-31,33-40', 5, '12:30', '14:00', 'D9-405', 166),
(100711, 20201, 'CH1018', '2-9,11-18', 6, '13:05', '15:00', 'D9-406', 170),
(100712, 20201, 'CH3081', '2-9,11-18', 7, '16:00', '17:30', 'D9-501', 166),
(100713, 20201, 'CH3082', '2-9,11-18', 2, '6:45', '10:05', 'D9-502', 167),
(100714, 20201, 'CH3300', '2-9,11-18', 3, '8:25', '11:00', 'D9-503', 168),
(100715, 20202, 'CH3301', '24-31,33-40', 4, '10:15', '11:45', 'D9-504', 168),
(100716, 20202, 'CH3302', '24-31,33-40', 5, '12:30', '14:00', 'D9-505', 169),
(100717, 20202, 'CH3303', '24-31,33-40', 6, '13:05', '15:00', 'D9-506', 170),
(100718, 20202, 'CH3305', '24-31,33-40', 7, '16:00', '17:30', 'D6-101', 166),
(100719, 20202, 'CH2010', '24-31,33-40', 2, '6:45', '10:05', 'D6-102', 167),
(100801, 20191, 'SSH1010', '2-9,11-18', 3, '8:25', '11:00', 'D6-103', 171),
(100802, 20191, 'SSH1020', '2-9,11-18', 4, '10:15', '11:45', 'D6-104', 172),
(100803, 20191, 'SSH1040', '2-9,11-18', 5, '12:30', '14:00', 'D6-105', 173),
(100804, 20191, 'SSH1050', '2-9,11-18', 6, '13:05', '15:00', 'D6-201', 174),
(100805, 20192, 'SSH1060', '24-31,33-40', 7, '16:00', '17:30', 'D6-202', 172),
(100806, 20192, 'SSH1120', '24-31,33-40', 2, '6:45', '10:05', 'D6-203', 173),
(100807, 20192, 'SSH1110', '24-31,33-40', 3, '8:25', '10:05', 'D6-204', 174),
(100808, 20192, 'SSH1130', '24-31,33-40', 4, '10:15', '11:45', 'D6-205', 175),
(100809, 20201, 'SSH3010', '2-9,11-18', 5, '12:30', '14:00', 'D6-301', 171),
(100810, 20201, 'SSH1170', '2-9,11-18', 6, '13:05', '15:00', 'D6-302', 172),
(100811, 20201, 'SSH1131', '2-9,11-18', 7, '16:00', '17:30', 'D6-303', 173),
(100812, 20202, 'SSH1141', '24-31,33-40', 2, '6:45', '10:05', 'D6-304', 174),
(100813, 20202, 'SSH1151', '24-31,33-40', 3, '8:25', '10:05', 'D6-305', 175),
(100814, 20202, 'SSH1121', '24-31,33-40', 4, '10:15', '11:45', 'D6-306', 171),
(100901, 20191, 'FL1010', '2-9,11-18', 2, '6:45', '8:25', 'D3-201', 176),
(100902, 20191, 'FL1020', '2-9,11-18', 2, '8:30', '10:00', 'D5-101', 177),
(100903, 20191, 'FL2010', '2-9,11-18', 2, '10:15', '11:45', 'D3-201', 178),
(100904, 20191, 'FL3011', '2-9,11-18', 2, '12:30', '14:00', 'D3-302', 179),
(100905, 20191, 'FL3031', '2-9,11-18', 2, '14:15', '15:50', 'D9-401', 180),
(101001, 20191, 'MI1010', '2-9,11-18', 2, '16:00', '17:30', 'D9-402', 181),
(101002, 20191, 'MI1030', '2-9,11-18', 3, '6:45', '8:25', 'D9-403', 182),
(101003, 20191, 'MI1020', '2-9,11-18', 3, '8:30', '10:00', 'D9-101', 183),
(101004, 20191, 'MI3010', '2-9,11-18', 3, '10:15', '11:50', 'D9-102', 184),
(101005, 20191, 'MI1043', '2-9,11-18', 3, '12:30', '14:00', 'D3 -101', 185),
(101101, 20191, 'EE2010', '2-9,11-18', 3, '14:10', '15:50', 'D3 -101', 186),
(101102, 20191, 'EE2040', '2-9,11-18', 3, '16:00', '17:30', 'D3-201', 187),
(101103, 20191, 'EE3010', '2-9,11-18', 4, '6:45', '8:25', 'D5-101', 188),
(101104, 20191, 'EE3051', '2-9,11-18', 4, '8:30', '10:00', 'D3-201', 189),
(101105, 20191, 'EE3059', '2-9,11-18', 4, '10:15', '11:50', 'D3-302', 190),
(101201, 20191, 'PH3330', '2-9,11-18', 4, '12:30', '14:00', 'D9-401', 191),
(101202, 20191, 'PH1016', '2-9,11-18', 4, '14:10', '15:50', 'D9-402', 192),
(101203, 20191, 'PH1026', '2-9,11-18', 4, '16:00', '17:30', 'D9-403', 193),
(101204, 20191, 'PH1036', '2-9,11-18', 5, '6:45', '8:25', 'D9-101', 194),
(101205, 20191, 'PH3030', '2-9,11-18', 5, '8:30', '10:00', 'D9-102', 195),
(100901, 20192, 'FL3021', '24-31,33-40', 5, '10:15', '11:45', 'D9-103', 176),
(100902, 20192, 'FL1019', '24-31,33-40', 5, '12:30', '14:45', 'D9-201', 177),
(100903, 20192, 'FL3012', '24-31,33-40', 5, '15:00', '17:30', 'D9-202', 178),
(100904, 20192, 'FL3022', '24-31,33-40', 6, '6:45', '8:25', 'D9-203', 179),
(100905, 20192, 'FL3032', '24-31,33-40', 6, '8:30', '10:00', 'D9-301', 180),
(101001, 20192, 'MI3110', '24-31,33-40', 6, '10:15', '11:45', 'D9-501', 181),
(101002, 20192, 'MI2020', '24-31,33-40', 6, '12:30', '14:45', 'D9-502', 182),
(101003, 20192, 'MI4260', '24-31,33-40', 6, '15:00', '17:30', 'D3 -101', 183),
(101004, 20192, 'MI2044', '24-31,33-40', 3, '6:45', '8:25', 'D3-201', 184),
(101005, 20192, 'MI1020', '24-31,33-40', 3, '8:30', '10:00', 'D5-101', 185),
(101101, 20192, 'EE3099', '24-31,33-40', 3, '10:15', '11:45', 'D3-201', 186),
(101102, 20192, 'EE3110', '24-31,33-40', 3, '12:30', '14:00', 'D3-302', 187),
(101103, 20192, 'EE3513', '24-31,33-40', 3, '14:15', '15:50', 'D9-401', 188),
(101104, 20192, 'EE3552', '24-31,33-40', 3, '16:00', '17:30', 'D9-402', 189),
(101105, 20192, 'EE3051', '24-31,33-40', 4, '6:45', '8:25', 'D9-403', 190),
(101201, 20192, 'PH3060', '24-31,33-40', 4, '8:30', '10:00', 'D9-101', 191),
(101202, 20192, 'PH3020', '24-31,33-40', 4, '10:15', '11:50', 'D9-102', 192),
(101203, 20192, 'PH3010', '24-31,33-40', 4, '12:30', '14:00', 'D9-301', 193),
(101204, 20192, 'PH3160', '24-31,33-40', 4, '14:10', '15:50', 'D9-501', 194),
(101205, 20192, 'PH3220', '24-31,33-40', 4, '16:00', '17:30', 'D9-502', 195),
(100901, 20201, 'FL1010', '2-9,11-18', 5, '6:45', '8:25', 'D3 -101', 176),
(100902, 20201, 'FL1020', '2-9,11-18', 5, '8:30', '10:00', 'D3-201', 177),
(100903, 20201, 'FL2010', '2-9,11-18', 5, '10:15', '11:50', 'D5-101', 178),
(100904, 20201, 'FL3011', '2-9,11-18', 5, '12:30', '14:00', 'D3-201', 179),
(100905, 20201, 'FL3031', '2-9,11-18', 5, '14:10', '15:50', 'D3-302', 180),
(101001, 20201, 'MI1010', '2-9,11-18', 5, '16:00', '17:30', 'D9-401', 181),
(101002, 20201, 'MI1030', '2-9,11-18', 6, '6:45', '8:25', 'D9-402', 182),
(101003, 20201, 'MI1020', '2-9,11-18', 6, '8:30', '10:00', 'D9-403', 183),
(101004, 20201, 'MI3010', '2-9,11-18', 6, '10:15', '11:45', 'D9-101', 184),
(101005, 20201, 'MI1043', '2-9,11-18', 6, '12:30', '14:45', 'D9-102', 185),
(101101, 20201, 'EE2010', '2-9,11-18', 6, '15:00', '17:30', 'D3 -101', 186),
(101102, 20201, 'EE2040', '2-9,11-18', 2, '6:45', '8:25', 'D3 -101', 187),
(101103, 20201, 'EE3010', '2-9,11-18', 2, '8:30', '10:00', 'D3-201', 188),
(101104, 20201, 'EE3051', '2-9,11-18', 2, '10:15', '11:45', 'D5-101', 189),
(101105, 20201, 'EE3059', '2-9,11-18', 2, '12:30', '14:45', 'D3-201', 190),
(101201, 20201, 'PH3330', '2-9,11-18', 2, '15:00', '17:30', 'D3-302', 191),
(101202, 20201, 'PH1016', '2-9,11-18', 4, '6:45', '8:25', 'D9-401', 192),
(101203, 20201, 'PH1026', '2-9,11-18', 4, '8:30', '10:00', 'D9-402', 193),
(101204, 20201, 'PH1036', '2-9,11-18', 4, '10:15', '11:45', 'D9-403', 194),
(101205, 20201, 'PH3030', '2-9,11-18', 4, '12:30', '14:00', 'D9-101', 195),
(100901, 20202, 'FL3021', '24-31,33-40', 4, '14:15', '15:50', 'D9-102', 176),
(100902, 20202, 'FL1019', '24-31,33-40', 4, '16:00', '17:30', 'D9-103', 177),
(100903, 20202, 'FL3012', '24-31,33-40', 5, '6:45', '8:25', 'D9-201', 178),
(100904, 20202, 'FL3022', '24-31,33-40', 5, '8:30', '10:00', 'D9-202', 179),
(100905, 20202, 'FL3032', '24-31,33-40', 5, '10:15', '11:50', 'D9-203', 180),
(101001, 20202, 'MI3110', '24-31,33-40', 5, '12:30', '14:00', 'D3-302', 181),
(101002, 20202, 'MI2020', '24-31,33-40', 5, '14:10', '15:50', 'D9-401', 182),
(101003, 20202, 'MI4260', '24-31,33-40', 5, '16:00', '17:30', 'D9-402', 183),
(101004, 20202, 'MI2044', '24-31,33-40', 6, '6:45', '8:25', 'D9-403', 184),
(101005, 20202, 'MI1020', '24-31,33-40', 6, '8:30', '10:00', 'D9-101', 185),
(101101, 20202, 'EE3099', '24-31,33-40', 6, '10:15', '11:50', 'D9-102', 186),
(101102, 20202, 'EE3110', '24-31,33-40', 6, '12:30', '14:00', 'D9-301', 187),
(101103, 20202, 'EE3513', '24-31,33-40', 6, '14:10', '15:50', 'D9-501', 188),
(101104, 20202, 'EE3552', '24-31,33-40', 6, '16:00', '17:30', 'D9-502', 189),
(101105, 20202, 'EE3051', '24-31,33-40', 2, '6:45', '8:25', 'D3 -101', 190),
(101201, 20202, 'PH3060', '24-31,33-40', 2, '8:30', '10:00', 'D3-201', 191),
(101202, 20202, 'PH3020', '24-31,33-40', 2, '10:15', '11:45', 'D5-101', 192),
(101203, 20202, 'PH3010', '24-31,33-40', 2, '12:30', '14:45', 'D3-201', 193),
(101204, 20202, 'PH3160', '24-31,33-40', 2, '15:00', '17:30', 'D3-302', 194),
(101205, 20202, 'PH3220', '24-31,33-40', 3, '6:45', '8:25', 'D9-401', 195);


CREATE TABLE register_and_learn (
    student_id varchar(10),
    subject_class_id varchar(10),
	semester varchar(10),
    midterm_score decimal(3,1),
    final_score decimal(3,1),
    overall decimal(3,1),
    grade varchar(2),
    grade_point decimal(2,1),
    PRIMARY KEY (student_id, subject_class_id, semester),
    FOREIGN KEY (student_id) REFERENCES student(student_id),
    FOREIGN KEY (subject_class_id, semester) REFERENCES subject_class(subject_class_id, semester)
);

INSERT INTO register_and_learn (student_id, subject_class_id, semester, midterm_score, final_score) VALUES
(20190007, 100101, 20191, 10, 7),
(20190007, 100205, 20191, 10, 8.5),
(20190007, 100203, 20191, 7, 5),
(20190007, 100401, 20191, 8.5, 9);

INSERT INTO register_and_learn (student_id, subject_class_id, semester, midterm_score, final_score) VALUES
(20190007, 100202, 20191, 9, 7.5),
(20190007, 100201, 20191, 9, 8),
(20190007, 100302, 20191, 7, 8),
(20194237, 100101, 20191, 10, 6),
(20194237, 100205, 20191, 9.5, 9),
(20194237, 100203, 20191, 9, 8.5),
(20194237, 100401, 20191, 10, 8),
(20194237, 100202, 20191, 6, 9),
(20194237, 100201, 20191, 7, 5),
(20194237, 100302, 20191, 9, 10),
(20194238, 100101, 20191, 9, 8),
(20194238, 100205, 20191, 5, 6.5),
(20194238, 100203, 20191, 6.5, 5.5),
(20194238, 100401, 20191, 10, 8.5),
(20194238, 100202, 20191, 5, 8.5),
(20194238, 100201, 20191, 9, 8.5),
(20194238, 100302, 20191, 10, 8.5),
(20194239, 100101, 20191, 8, 8.5),
(20194239, 100205, 20191, 7, 8),
(20194239, 100203, 20191, 8.5, 9),
(20194239, 100401, 20191, 5, 3),
(20194239, 100202, 20191, 7, 9.5),
(20194239, 100201, 20191, 6.5, 5.5),
(20194239, 100302, 20191, 9.5, 9),
(20194241, 100101, 20191, 9.5, 10),
(20194241, 100205, 20191, 9, 10),
(20194241, 100203, 20191, 10, 8),
(20194241, 100401, 20191, 6, 4),
(20194241, 100202, 20191, 5, 7),
(20194241, 100201, 20191, 8.5, 9),
(20194241, 100302, 20191, 5, 6.5),
(20194242, 100102, 20191, 7.5, 6.5),
(20194242, 100205, 20191, 9, 8.5),
(20194242, 100203, 20191, 10, 8.5),
(20194242, 100401, 20191, 9.5, 9),
(20194242, 100202, 20191, 5.5, 8),
(20194242, 100201, 20191, 10, 8),
(20194242, 100302, 20191, 7, 8),
(20194243, 100102, 20191, 8, 7.5),
(20194243, 100205, 20191, 6.5, 5.5),
(20194243, 100203, 20191, 5, 3),
(20194243, 100401, 20191, 8.5, 9),
(20194243, 100202, 20191, 9, 9),
(20194243, 100201, 20191, 10, 8.5),
(20194243, 100302, 20191, 9, 10),
(20194244, 100102, 20191, 10, 9),
(20194244, 100205, 20191, 8.5, 9),
(20194244, 100203, 20191, 6, 4),
(20194244, 100401, 20191, 10, 8),
(20194244, 100202, 20191, 8, 6),
(20194244, 100201, 20191, 5, 3),
(20194244, 100302, 20191, 9, 8.5),
(20194245, 100102, 20191, 6, 9.5),
(20194245, 100205, 20191, 10, 8),
(20194245, 100203, 20191, 9.5, 9),
(20194245, 100401, 20191, 10, 8.5),
(20194245, 100202, 20191, 7, 5),
(20194245, 100201, 20191, 6, 4),
(20194245, 100302, 20191, 6.5, 5.5),
(20194246, 100102, 20191, 7, 7),
(20194246, 100205, 20191, 10, 8.5),
(20194246, 100203, 20191, 5, 6.5),
(20194246, 100401, 20191, 10, 9),
(20194246, 100202, 20191, 7.5, 7),
(20194246, 100201, 20191, 9.5, 9),
(20194246, 100302, 20191, 8.5, 9),
(20194247, 100501, 20191, 7.5, 9),
(20194247, 100106, 20191, 8, 8),
(20194247, 100801, 20191, 6, 7.5),
(20194247, 100206, 20191, 7, 9),
(20194247, 100212, 20191, 9, 8.5),
(20194247, 100303, 20191, 7, 9),
(20194247, 100401, 20191, 6, 7),
(20194248, 100101, 20191, 7, 8),
(20194248, 100903, 20191, 9, 7),
(20194248, 100201, 20191, 8, 6),
(20194248, 101003, 20191, 7.5, 7.5),
(20194248, 100802, 20191, 9, 9),
(20194248, 100504, 20191, 8.5, 9.5),
(20194248, 100401, 20191, 9, 7),
(20194249, 100101, 20191, 7, 8),
(20194249, 100903, 20191, 8, 6),
(20194249, 100202, 20191, 7, 7),
(20194249, 101101, 20191, 6, 9),
(20194249, 100207, 20191, 7.5, 7),
(20194249, 100301, 20191, 9, 6),
(20194249, 100403, 20191, 9.5, 7),
(20194249, 100603, 20191, 7, 9),
(20194250, 100903, 20191, 8, 8),
(20194250, 101101, 20191, 9, 7.5),
(20194250, 100207, 20191, 6, 9),
(20194250, 100301, 20191, 5, 8.5),
(20194250, 100403, 20191, 7, 9.5),
(20194250, 100603, 20191, 5, 7),
(20194251, 100903, 20191, 5.5, 8),
(20194251, 101101, 20191, 9, 9),
(20194251, 100301, 20191, 8, 6),
(20194251, 100703, 20191, 7, 5),
(20194251, 100603, 20191, 7.5, 7),
(20194251, 100402, 20191, 8, 5),
(20194252, 100101, 20191, 7, 5.5),
(20194252, 100903, 20191, 9, 9),
(20194252, 100201, 20191, 10, 8),
(20194252, 101003, 20191, 6, 7),
(20194252, 100802, 20191, 6.5, 7.5),
(20194252, 100504, 20191, 6.5, 8),
(20194252, 100401, 20191, 7.5, 7),
(20194253, 100701, 20191, 8, 9),
(20194253, 101001, 20191, 8, 10),
(20194253, 101002, 20191, 7.5, 6),
(20194253, 101202, 20191, 7, 6.5),
(20194253, 100503, 20191, 9, 6.5),
(20194253, 100504, 20191, 8, 7.5),
(20194253, 100603, 20191, 6, 8),
(20194254, 100501, 20191, 7, 6.5),
(20194254, 100106, 20191, 9, 7.5),
(20194254, 100801, 20191, 7, 8),
(20194254, 100206, 20191, 7.5, 8),
(20194254, 100212, 20191, 7, 7.5),
(20194254, 100303, 20191, 8.5, 7),
(20194254, 100401, 20191, 9, 9),
(20194255, 100701, 20191, 7, 8),
(20194255, 100904, 20191, 7.5, 6),
(20194255, 101002, 20191, 7.5, 7),
(20194255, 101202, 20191, 7.5, 9),
(20194255, 100301, 20191, 7, 7),
(20194255, 100504, 20191, 8, 7.5),
(20194255, 100401, 20191, 7, 7),
(20194256, 100701, 20191, 8, 8.5),
(20194256, 101001, 20191, 9, 9),
(20194256, 101002, 20191, 9, 7),
(20194256, 101202, 20191, 8, 5),
(20194256, 100503, 20191, 5, 7.7),
(20194256, 100504, 20191, 7, 8),
(20194256, 100603, 20191, 8, 4),
(20194257, 100901, 20191, 6, 8),
(20194257, 100902, 20191, 10, 7),
(20194257, 100904, 20191, 5, 7),
(20194257, 101001, 20191, 10, 6),
(20194257, 101005, 20191, 10, 9),
(20194257, 101101, 20191, 8, 6),
(20194257, 101102, 20191, 9, 7),
(20194257, 101103, 20191, 5, 8),
(20194257, 101104, 20191, 9, 5),
(20194257, 101105, 20191, 8, 7),
(20194257, 101201, 20191, 10, 10),
(20194257, 101202, 20191, 7, 5),
(20194257, 101205, 20191, 5, 8),
(20194258, 100901, 20191, 6, 7),
(20194258, 100902, 20191, 7.5, 7),
(20194258, 100904, 20191, 5, 5),
(20194258, 101001, 20191, 6, 9),
(20194258, 101005, 20191, 9, 9),
(20194258, 101101, 20191, 6, 7),
(20194258, 101102, 20191, 10, 5),
(20194258, 101103, 20191, 9, 10),
(20194258, 101104, 20191, 10, 6),
(20194258, 101105, 20191, 7, 5),
(20194258, 101201, 20191, 8, 5);

INSERT INTO register_and_learn (student_id, subject_class_id, semester, midterm_score, final_score) VALUES
(20194258, 101202, 20191, 7, 5),
(20194258, 101205, 20191, 6, 9),
(20194260, 100901, 20191, 5, 9),
(20194260, 100902, 20191, 5, 9),
(20194260, 100904, 20191, 5, 5),
(20194260, 101001, 20191, 9, 8),
(20194260, 101005, 20191, 8, 6),
(20194260, 101101, 20191, 10, 9),
(20194260, 101102, 20191, 10, 6),
(20194260, 101103, 20191, 6, 9),
(20194260, 101104, 20191, 10, 7),
(20194260, 101105, 20191, 6, 8),
(20194260, 101201, 20191, 7.5, 8),
(20194260, 101202, 20191, 8.5, 10),
(20194260, 101205, 20191, 5, 9),
(20194261, 100901, 20191, 10, 6),
(20194261, 100902, 20191, 9, 6),
(20194261, 100904, 20191, 7, 5),
(20194261, 101001, 20191, 9, 7),
(20194261, 101005, 20191, 10, 6),
(20194261, 101101, 20191, 6, 5),
(20194261, 101102, 20191, 9, 5),
(20194261, 101103, 20191, 6, 7),
(20194261, 101104, 20191, 9, 6),
(20194261, 101105, 20191, 9, 10),
(20194261, 101201, 20191, 7.5, 9),
(20194261, 101202, 20191, 9, 6),
(20194261, 101205, 20191, 7.5, 9),
(20194262, 100901, 20191, 7, 8),
(20194262, 100902, 20191, 5, 6),
(20194262, 100904, 20191, 8, 9),
(20194262, 101001, 20191, 7, 5),
(20194262, 101005, 20191, 7, 8),
(20194262, 101101, 20191, 8, 8),
(20194262, 101102, 20191, 9, 6),
(20194262, 101103, 20191, 5, 7),
(20194262, 101104, 20191, 5, 10),
(20194262, 101105, 20191, 9, 8),
(20194262, 101201, 20191, 7.5, 7),
(20194262, 101202, 20191, 8, 5),
(20194262, 101205, 20191, 8, 9),
(20194263, 100903, 20191, 7, 9),
(20194263, 100905, 20191, 5, 6),
(20194263, 101002, 20191, 5, 9),
(20194263, 101003, 20191, 5, 7),
(20194263, 101004, 20191, 8, 8),
(20194263, 101203, 20191, 8.5, 8),
(20194263, 101204, 20191, 7, 5),
(20194264, 100903, 20191, 9, 5),
(20194264, 100905, 20191, 8, 8),
(20194264, 101002, 20191, 10, 8),
(20194264, 101003, 20191, 6, 9),
(20194264, 101004, 20191, 10, 8),
(20194264, 101203, 20191, 8.5, 7),
(20194264, 101204, 20191, 5, 6),
(20194265, 100903, 20191, 7, 6),
(20194265, 100905, 20191, 5, 7),
(20194265, 101002, 20191, 7, 8),
(20194265, 101003, 20191, 8, 7),
(20194265, 101004, 20191, 10, 9),
(20194265, 101203, 20191, 10, 9.5),
(20194265, 101204, 20191, 9, 9),
(20194266, 100903, 20191, 5, 5),
(20194266, 100905, 20191, 5, 6),
(20194266, 101002, 20191, 10, 6),
(20194266, 101003, 20191, 5, 9),
(20194266, 101004, 20191, 5, 7),
(20194266, 101203, 20191, 9, 10),
(20194266, 101204, 20191, 10, 8),
(20194267, 100903, 20191, 10, 10),
(20194267, 100905, 20191, 5, 9),
(20194267, 101002, 20191, 7, 5),
(20194267, 101003, 20191, 8, 5),
(20194267, 101004, 20191, 6, 6),
(20194267, 101203, 20191, 9, 9),
(20194267, 101204, 20191, 5, 5.5),
(20204754, 100501, 20191, 9, 7),
(20204754, 100106, 20191, 10, 5),
(20204754, 100801, 20191, 5, 10),
(20204754, 100206, 20191, 5, 7),
(20204754, 100212, 20191, 6, 8),
(20204754, 100303, 20191, 5, 7),
(20204754, 100401, 20191, 7.5, 7.5),
(20204757, 100101, 20191, 8, 7),
(20204757, 100903, 20191, 8, 5),
(20204757, 100201, 20191, 9, 9),
(20204757, 101003, 20191, 10, 9),
(20204757, 100802, 20191, 9, 9),
(20204757, 100504, 20191, 8, 7),
(20204757, 100401, 20191, 8, 10),
(20204760, 100101, 20191, 9, 5),
(20204760, 100903, 20191, 10, 6),
(20204760, 100202, 20191, 10, 7),
(20204760, 101101, 20191, 5, 8),
(20204760, 100207, 20191, 10, 9),
(20204760, 100301, 20191, 5, 5),
(20204760, 100403, 20191, 10, 9),
(20204760, 100603, 20191, 8.5, 8),
(20204763, 100903, 20191, 7, 10),
(20204763, 101101, 20191, 8, 8),
(20204763, 100207, 20191, 7.5, 7),
(20204763, 100301, 20191, 8, 7),
(20204763, 100403, 20191, 9, 8),
(20204763, 100603, 20191, 7.5, 7),
(20204766, 100903, 20191, 6, 9),
(20204766, 101101, 20191, 7, 5),
(20204766, 100301, 20191, 10, 9),
(20204766, 100703, 20191, 7.5, 7),
(20204766, 100603, 20191, 7.5, 9),
(20204766, 100402, 20191, 8, 7),
(20204771, 100101, 20191, 8.5, 10),
(20204771, 100903, 20191, 8, 9),
(20204771, 100201, 20191, 5, 8),
(20204771, 101003, 20191, 10, 10),
(20204771, 100802, 20191, 10, 6),
(20204771, 100504, 20191, 7, 6),
(20204771, 100401, 20191, 6, 8),
(20204774, 100701, 20191, 8, 9),
(20204774, 101001, 20191, 5, 8),
(20204774, 101002, 20191, 7.5, 5),
(20204774, 101202, 20191, 5, 5),
(20204774, 100503, 20191, 6, 8),
(20204774, 100504, 20191, 8.5, 9),
(20204774, 100603, 20191, 5, 5),
(20204776, 100501, 20191, 7, 5),
(20204776, 100106, 20191, 5, 9),
(20204776, 100801, 20191, 9.5, 5),
(20204776, 100206, 20191, 8, 6),
(20204776, 100212, 20191, 7, 6),
(20204776, 100303, 20191, 8, 8),
(20204776, 100401, 20191, 6.5, 9),
(20204779, 100701, 20191, 5, 6),
(20204779, 100904, 20191, 10, 8),
(20204779, 101002, 20191, 5, 5),
(20204779, 101202, 20191, 5, 7),
(20204779, 100301, 20191, 8, 10),
(20204779, 100504, 20191, 7.5, 6),
(20204779, 100401, 20191, 5, 7),
(20204782, 100701, 20191, 7, 8),
(20204782, 101001, 20191, 6, 5),
(20204782, 101002, 20191, 10, 10),
(20204782, 101202, 20191, 9, 7),
(20204782, 100503, 20191, 5, 7),
(20204782, 100504, 20191, 9, 8),
(20204782, 100603, 20191, 7.5, 8),
(20190007, 100103, 20192, 6, 4),
(20190007, 100104, 20192, 9, 10),
(20190007, 100206, 20192, 10, 8.5),
(20190007, 100204, 20192, 7, 5),
(20190007, 100301, 20192, 8, 9),
(20190007, 100402, 20192, 9.5, 10),
(20190007, 101002, 20192, 5, 7),
(20194237, 100103, 20192, 9.5, 9),
(20194237, 100104, 20192, 4, 4),
(20194237, 100206, 20192, 9.5, 9),
(20194237, 100204, 20192, 7.5, 7),
(20194237, 100301, 20192, 8, 10),
(20194237, 100402, 20192, 3, 3),
(20194237, 101002, 20192, 5.5, 8),
(20194238, 100103, 20192, 8.5, 9),
(20194238, 100104, 20192, 10, 7),
(20194238, 100206, 20192, 9, 7.5),
(20194238, 100204, 20192, 8, 5),
(20194238, 100301, 20192, 9, 8),
(20194238, 100402, 20192, 7, 8),
(20194238, 101002, 20192, 9, 9),
(20194239, 100103, 20192, 10, 8),
(20194239, 100104, 20192, 10, 6),
(20194239, 100206, 20192, 6, 9),
(20194239, 100204, 20192, 7, 5.5),
(20194239, 100301, 20192, 7, 5),
(20194239, 100402, 20192, 9, 10),
(20194239, 101002, 20192, 8, 6),
(20194241, 100103, 20192, 10, 8.5),
(20194241, 100104, 20192, 9, 8),
(20194241, 100206, 20192, 5, 8.5),
(20194241, 100204, 20192, 9, 9),
(20194241, 100301, 20192, 9, 8.5),
(20194241, 100402, 20192, 10, 8.5),
(20194241, 101002, 20192, 7, 5),
(20194242, 100103, 20192, 5, 3),
(20194242, 100104, 20192, 8, 8.5),
(20194242, 100206, 20192, 7, 9.5),
(20194242, 100204, 20192, 10, 8),
(20194242, 100301, 20192, 4, 4),
(20194242, 100402, 20192, 9.5, 9),
(20194242, 101002, 20192, 7, 8.5),
(20194243, 100103, 20192, 6, 4),
(20194243, 100104, 20192, 9.5, 10),
(20194243, 100206, 20192, 5, 7),
(20194243, 100204, 20192, 6, 7),
(20194243, 100301, 20192, 10, 7),
(20194243, 100402, 20192, 9, 7.5),
(20194243, 101002, 20192, 7, 9),
(20194244, 100103, 20192, 9.5, 9),
(20194244, 100104, 20192, 3, 3),
(20194244, 100206, 20192, 5.5, 8),
(20194244, 100204, 20192, 6.5, 7.5),
(20194244, 100301, 20192, 10, 6),
(20194244, 100402, 20192, 6, 9),
(20194244, 101002, 20192, 6, 6.5),
(20194245, 100103, 20192, 5, 6.5),
(20194245, 100104, 20192, 7, 8),
(20194245, 100206, 20192, 9, 9),
(20194245, 100204, 20192, 6.5, 8),
(20194245, 100301, 20192, 9, 8),
(20194245, 100402, 20192, 5, 8.5),
(20194245, 101002, 20192, 9, 7.5),
(20194246, 100103, 20192, 7, 8),
(20194246, 100104, 20192, 9, 10),
(20194246, 100206, 20192, 8, 6),
(20194246, 100204, 20192, 7.5, 7),
(20194246, 100301, 20192, 8, 8.5),
(20194246, 100402, 20192, 7, 9.5),
(20194246, 101002, 20192, 7, 8),
(20194247, 100101, 20192, 9, 7),
(20194247, 100201, 20192, 7, 7.5),
(20194247, 100301, 20192, 8.5, 7),
(20194247, 100401, 20192, 7, 8.5),
(20194247, 100607, 20192, 7, 9),
(20194247, 101102, 20192, 6, 6.5),
(20194247, 100505, 20192, 9, 7.5)

INSERT INTO register_and_learn (student_id, subject_class_id, semester, midterm_score, final_score) VALUES
(20194248, 100101, 20192, 7, 8),
(20194248, 100201, 20192, 6.5, 6.5),
(20194248, 101102, 20192, 6.5, 7.5),
(20194248, 100608, 20192, 10, 8),
(20194248, 101003, 20192, 7.5, 8),
(20194248, 101105, 20192, 9, 7.5),
(20194248, 101203, 20192, 7, 7),
(20194249, 100201, 20192, 7, 9),
(20194249, 100608, 20192, 7.5, 6),
(20194249, 101105, 20192, 6, 8),
(20194249, 100405, 20192, 9, 8.5),
(20194249, 101001, 20192, 7, 9),
(20194249, 100210, 20192, 6.5, 9),
(20194250, 100103, 20192, 6.5, 5),
(20194250, 100203, 20192, 9, 4),
(20194250, 100210, 20192, 8, 10),
(20194250, 100304, 20192, 6, 8),
(20194250, 100505, 20192, 7, 8.5),
(20194250, 100707, 20192, 9, 7),
(20194251, 100103, 20192, 7, 7.5),
(20194251, 100204, 20192, 8, 8),
(20194251, 100303, 20192, 7, 9.5),
(20194251, 100401, 20192, 8.5, 5),
(20194251, 100609, 20192, 9, 7),
(20194251, 100806, 20192, 9, 7),
(20194252, 100106, 20192, 7.5, 6),
(20194252, 100304, 20192, 8, 6.5),
(20194252, 100610, 20192, 10, 7),
(20194252, 101001, 20192, 7.5, 8),
(20194252, 101102, 20192, 10, 9),
(20194252, 101201, 20192, 8, 7),
(20194252, 100709, 20192, 7.5, 9.5),
(20194253, 100205, 20192, 7, 7),
(20194253, 100301, 20192, 9, 8),
(20194253, 100404, 20192, 6, 7),
(20194253, 100708, 20192, 9, 7),
(20194253, 100806, 20192, 6.5, 7.5),
(20194253, 101003, 20192, 6, 8.5),
(20194253, 101203, 20192, 7, 9),
(20194254, 100102, 20192, 7, 10),
(20194254, 100209, 20192, 7.5, 4),
(20194254, 100401, 20192, 7, 5.5),
(20194254, 100708, 20192, 7.5, 5),
(20194254, 101002, 20192, 7, 8),
(20194254, 100303, 20192, 6.5, 9),
(20194254, 100608, 20192, 6, 7),
(20194255, 100205, 20192, 9, 9.5),
(20194255, 100301, 20192, 0, 8),
(20194255, 100404, 20192, 7, 8.5),
(20194255, 100708, 20192, 6.5, 4),
(20194255, 100806, 20192, 10, 5),
(20194255, 101003, 20192, 7.5, 8),
(20194255, 101203, 20192, 7, 7),
(20194256, 100102, 20192, 7.5, 7),
(20194256, 100209, 20192, 6, 8),
(20194256, 100401, 20192, 7, 8.5),
(20194256, 100708, 20192, 6.5, 7.5),
(20194256, 101002, 20192, 6.5, 7),
(20194256, 100303, 20192, 9, 7.5),
(20194256, 100608, 20192, 6, 7),
(20194257, 100901, 20192, 8, 10),
(20194257, 100905, 20192, 6, 8),
(20194257, 101004, 20192, 7, 5),
(20194257, 101103, 20192, 7.5, 8.5),
(20194257, 101202, 20192, 6, 9.5),
(20194258, 100901, 20192, 9, 6),
(20194258, 100905, 20192, 7, 6),
(20194258, 101004, 20192, 5, 7),
(20194258, 101103, 20192, 9, 10),
(20194258, 101202, 20192, 9, 9),
(20194260, 100901, 20192, 10, 5),
(20194260, 100905, 20192, 10, 7.5),
(20194260, 101004, 20192, 9.5, 10),
(20194260, 101103, 20192, 8, 9),
(20194260, 101202, 20192, 6, 10),
(20194261, 100901, 20192, 9, 9),
(20194261, 100905, 20192, 7.5, 9),
(20194261, 101004, 20192, 8, 10),
(20194261, 101103, 20192, 6, 8),
(20194261, 101202, 20192, 10, 10),
(20194262, 100901, 20192, 8, 8),
(20194262, 100905, 20192, 7.5, 8),
(20194262, 101004, 20192, 7, 7),
(20194262, 101103, 20192, 8, 9),
(20194262, 101202, 20192, 6, 7),
(20194263, 100902, 20192, 8, 7),
(20194263, 101001, 20192, 8, 8),
(20194263, 101005, 20192, 8, 5),
(20194263, 101104, 20192, 7, 7),
(20194263, 101203, 20192, 10, 9),
(20194264, 100902, 20192, 9, 8),
(20194264, 101001, 20192, 8.5, 10),
(20194264, 101005, 20192, 6.5, 7),
(20194264, 101104, 20192, 8, 7),
(20194264, 101203, 20192, 10, 10),
(20194265, 100902, 20192, 10, 6),
(20194265, 101001, 20192, 8, 8),
(20194265, 101005, 20192, 5, 9),
(20194265, 101104, 20192, 6, 10),
(20194265, 101203, 20192, 7, 8),
(20194266, 100902, 20192, 10, 8.5),
(20194266, 101001, 20192, 5, 8),
(20194266, 101005, 20192, 10, 7.5),
(20194266, 101104, 20192, 10, 9),
(20194266, 101203, 20192, 5, 5),
(20194267, 100902, 20192, 5, 6),
(20194267, 101001, 20192, 10, 7.5),
(20194267, 101005, 20192, 5, 6),
(20194267, 101104, 20192, 8, 8),
(20194267, 101203, 20192, 8, 7.5),
(20204754, 100101, 20192, 9, 8),
(20204754, 100201, 20192, 8, 9),
(20204754, 100301, 20192, 6, 10),
(20204754, 100401, 20192, 7, 6),
(20204754, 100607, 20192, 7.5, 6),
(20204754, 101102, 20192, 10, 6),
(20204754, 100505, 20192, 7, 10),
(20204757, 100101, 20192, 6, 7),
(20204757, 100201, 20192, 10, 7),
(20204757, 101102, 20192, 5, 8),
(20204757, 100608, 20192, 8.5, 8),
(20204757, 101003, 20192, 8, 5),
(20204757, 101105, 20192, 7, 5),
(20204757, 101203, 20192, 6, 5),
(20204760, 100201, 20192, 6, 6),
(20204760, 100608, 20192, 10, 6),
(20204760, 101105, 20192, 9, 10),
(20204760, 100405, 20192, 8.5, 5),
(20204760, 101001, 20192, 8, 8),
(20204760, 100210, 20192, 8, 8),
(20204763, 100103, 20192, 7.5, 10),
(20204763, 100203, 20192, 6, 5),
(20204763, 100210, 20192, 9, 6),
(20204763, 100304, 20192, 10, 8),
(20204763, 100505, 20192, 5, 9),
(20204763, 100707, 20192, 10, 7),
(20204766, 100103, 20192, 7.5, 7),
(20204766, 100204, 20192, 10, 6),
(20204766, 100303, 20192, 9, 8),
(20204766, 100401, 20192, 9, 5),
(20204766, 100609, 20192, 5.5, 7),
(20204766, 100806, 20192, 9, 6),
(20204771, 100106, 20192, 10, 9),
(20204771, 100304, 20192, 7, 5),
(20204771, 100610, 20192, 5, 8),
(20204771, 101001, 20192, 6, 8),
(20204771, 101102, 20192, 5, 7),
(20204771, 101201, 20192, 8.5, 8),
(20204771, 100709, 20192, 7, 8),
(20204774, 100205, 20192, 7, 10),
(20204774, 100301, 20192, 7, 7),
(20204774, 100404, 20192, 5, 5),
(20204774, 100708, 20192, 6, 8),
(20204774, 100806, 20192, 10, 10),
(20204774, 101003, 20192, 6.5, 8),
(20204774, 101203, 20192, 7, 9),
(20204776, 100102, 20192, 7, 10),
(20204776, 100209, 20192, 7, 10),
(20204776, 100401, 20192, 8, 10),
(20204776, 100708, 20192, 10, 8),
(20204776, 101002, 20192, 6.5, 10),
(20204776, 100303, 20192, 5, 5),
(20204776, 100608, 20192, 9, 10),
(20204779, 100205, 20192, 9.5, 10),
(20204779, 100301, 20192, 10, 5),
(20204779, 100404, 20192, 6, 5),
(20204779, 100708, 20192, 8, 5),
(20204779, 100806, 20192, 5, 10),
(20204779, 101003, 20192, 7.5, 6)


INSERT INTO register_and_learn (student_id, subject_class_id, semester, midterm_score, final_score) VALUES
(20204779, 101203, 20192, 9, 7),
(20204782, 100102, 20192, 10, 10),
(20204782, 100209, 20192, 8, 5),
(20204782, 100401, 20192, 5, 6),
(20204782, 100708, 20192, 5, 9),
(20204782, 101002, 20192, 8.5, 8),
(20204782, 100303, 20192, 7, 9),
(20204782, 100608, 20192, 8, 9),
(20204785, 100903, 20192, 10, 9),
(20204785, 101002, 20192, 10, 9),
(20204785, 101101, 20192, 5, 8),
(20204785, 101105, 20192, 9, 7),
(20204785, 101204, 20192, 10, 7),
(20204788, 100903, 20192, 5, 8),
(20204788, 101002, 20192, 7, 5),
(20204788, 101101, 20192, 8, 10),
(20204788, 101105, 20192, 8, 9),
(20204788, 101204, 20192, 6, 7.5),
(20204791, 100903, 20192, 10, 9),
(20204791, 101002, 20192, 6, 8),
(20204791, 101101, 20192, 7.5, 10),
(20204791, 101105, 20192, 10, 8),
(20204791, 101204, 20192, 5, 9),
(20204794, 100903, 20192, 8.5, 7),
(20204794, 101002, 20192, 8, 5),
(20204794, 101101, 20192, 5, 6),
(20204794, 101105, 20192, 5, 10),
(20204794, 101204, 20192, 9, 9),
(20204797, 100903, 20192, 7, 7),
(20204797, 101002, 20192, 5, 9),
(20204797, 101101, 20192, 7, 8),
(20204797, 101105, 20192, 9, 9),
(20204797, 101204, 20192, 9, 8),
(20204800, 100904, 20192, 8, 9),
(20204800, 101003, 20192, 7.5, 10),
(20204800, 101102, 20192, 6, 8.5),
(20204800, 101201, 20192, 7, 9),
(20204800, 101205, 20192, 6, 7),
(20204803, 100904, 20192, 7.5, 5),
(20204803, 101003, 20192, 5, 10),
(20204803, 101102, 20192, 10, 7.5),
(20204803, 101201, 20192, 8, 6.5),
(20204803, 101205, 20192, 9, 6),
(20204806, 100904, 20192, 8, 7),
(20204806, 101003, 20192, 6, 7),
(20204806, 101102, 20192, 9, 6),
(20204806, 101201, 20192, 7, 10),
(20204806, 101205, 20192, 9, 5),
(20204809, 100904, 20192, 9, 10),
(20204809, 101003, 20192, 8.5, 6),
(20204809, 101102, 20192, 5, 5),
(20204809, 101201, 20192, 7, 7.5),
(20204809, 101205, 20192, 5, 9),
(20204815, 100904, 20192, 7.5, 7),
(20204815, 101003, 20192, 5, 9),
(20204815, 101102, 20192, 9, 5),
(20204815, 101201, 20192, 6, 8),
(20190007, 100105, 20201, 6.5, 6.5),
(20190007, 100207, 20201, 7, 9),
(20190007, 100208, 20201, 9, 8),
(20190007, 100303, 20201, 5, 8.5),
(20190007, 100403, 20201, 9, 7.5),
(20190007, 100810, 20201, 9.5, 9),
(20190007, 100509, 20201, 7.5, 7),
(20194237, 100105, 20201, 6.5, 7.5),
(20194237, 100207, 20201, 6.5, 9),
(20194237, 100208, 20201, 8, 8.5),
(20194237, 100303, 20201, 7, 9.5),
(20194237, 100403, 20201, 7, 8),
(20194237, 100810, 20201, 9, 7.5),
(20194237, 100509, 20201, 8, 5),
(20194238, 100105, 20201, 10, 8),
(20194238, 100207, 20201, 6.5, 5),
(20194238, 100208, 20201, 9.5, 10),
(20194238, 100303, 20201, 5, 7),
(20194238, 100403, 20201, 6.5, 6.5),
(20194238, 100810, 20201, 6, 9),
(20194238, 100509, 20201, 7, 5.5),
(20194239, 100105, 20201, 7.5, 8),
(20194239, 100207, 20201, 9, 4),
(20194239, 100208, 20201, 3, 3),
(20194239, 100303, 20201, 5.5, 8),
(20194239, 100403, 20201, 6.5, 7.5),
(20194239, 100810, 20201, 5, 8.5),
(20194239, 100509, 20201, 9, 9),
(20194241, 100105, 20201, 9, 7.5),
(20194241, 100207, 20201, 8, 10),
(20194241, 100208, 20201, 7, 8),
(20194241, 100303, 20201, 9, 9),
(20194241, 100403, 20201, 10, 8),
(20194241, 100810, 20201, 7, 9.5),
(20194241, 100509, 20201, 10, 8),
(20194242, 100105, 20201, 7, 7),
(20194242, 100207, 20201, 6, 8),
(20194242, 100208, 20201, 9, 10),
(20194242, 100303, 20201, 8, 6),
(20194242, 100403, 20201, 7.5, 8),
(20194242, 100810, 20201, 5, 7),
(20194242, 100510, 20201, 6, 7),
(20194243, 100105, 20201, 7, 9),
(20194243, 100207, 20201, 7, 8.5),
(20194243, 100208, 20201, 10, 8.5),
(20194243, 100303, 20201, 7, 5),
(20194243, 100403, 20201, 9, 7.5),
(20194243, 100810, 20201, 5.5, 8),
(20194243, 100510, 20201, 6.5, 7.5),
(20194244, 100105, 20201, 7.5, 6),
(20194244, 100207, 20201, 9, 7),
(20194244, 100208, 20201, 9.5, 9),
(20194244, 100303, 20201, 7, 8.5),
(20194244, 100403, 20201, 7, 7),
(20194244, 100810, 20201, 9, 9),
(20194244, 100510, 20201, 6.5, 8),
(20194245, 100105, 20201, 6, 8),
(20194245, 100207, 20201, 7, 7.5),
(20194245, 100208, 20201, 9, 7.5),
(20194245, 100303, 20201, 7, 9),
(20194245, 100403, 20201, 7, 9),
(20194245, 100810, 20201, 8, 6),
(20194245, 100510, 20201, 7.5, 7),
(20194246, 100105, 20201, 9, 8.5),
(20194246, 100207, 20201, 10, 6),
(20194246, 100208, 20201, 6, 9),
(20194246, 100303, 20201, 6, 6.5),
(20194246, 100403, 20201, 7.5, 6),
(20194246, 100810, 20201, 7, 5),
(20194246, 100510, 20201, 8, 9),
(20194247, 100101, 20201, 6, 10),
(20194247, 100201, 20201, 7.5, 7.5),
(20194247, 100207, 20201, 9, 7.5),
(20194247, 100301, 20201, 8, 8),
(20194247, 100402, 20201, 7.5, 8.5),
(20194247, 101104, 20201, 7, 5),
(20194247, 100205, 20201, 9, 7),
(20194248, 100105, 20201, 6, 8),
(20194248, 101102, 20201, 7, 8.5),
(20194248, 100203, 20201, 7, 9),
(20194248, 100509, 20201, 8, 10),
(20194248, 101203, 20201, 7, 9)

INSERT INTO register_and_learn (student_id, subject_class_id, semester, midterm_score, final_score) VALUES
(20194248, 100510, 20201, 9, 9),
(20194248, 100403, 20201, 6.5, 8.5),
(20194249, 100713, 20201, 7.5, 7),
(20194249, 101104, 20201, 7, 6),
(20194249, 100203, 20201, 8, 8),
(20194249, 100207, 20201, 9, 9),
(20194249, 100509, 20201, 7.5, 6.5),
(20194249, 100301, 20201, 7, 8),
(20194249, 100402, 20201, 8.5, 9),
(20194250, 100104, 20201, 8, 7.5),
(20194250, 100201, 20201, 8, 7),
(20194250, 100207, 20201, 5, 8),
(20194250, 100210, 20201, 10, 9),
(20194250, 100302, 20201, 8, 7.5),
(20194250, 100510, 20201, 7.5, 7),
(20194251, 100102, 20201, 5, 8.5),
(20194251, 100201, 20201, 6, 7),
(20194251, 100714, 20201, 8, 8),
(20194251, 100509, 20201, 8.5, 8),
(20194251, 101205, 20201, 9, 5),
(20194251, 100904, 20201, 10, 10),
(20194252, 100713, 20201, 9, 8),
(20194252, 100204, 20201, 6.5, 7.5),
(20194252, 100509, 20201, 9, 5),
(20194252, 100301, 20201, 6, 6),
(20194252, 100402, 20201, 10, 8),
(20194252, 100711, 20201, 7.5, 8.5),
(20194252, 100510, 20201, 9, 9),
(20194253, 100104, 20201, 9, 10),
(20194253, 101103, 20201, 8.5, 9),
(20194253, 100714, 20201, 7, 7.5),
(20194253, 101205, 20201, 8, 9),
(20194253, 100614, 20201, 7.5, 9),
(20194253, 100901, 20201, 8, 8.5),
(20194253, 100712, 20201, 9, 7),
(20194254, 100201, 20201, 7.5, 8),
(20194254, 100714, 20201, 6, 7.5),
(20194254, 100211, 20201, 7, 8),
(20194254, 101204, 20201, 10, 9),
(20194254, 100303, 20201, 7.5, 7.5),
(20194254, 100904, 20201, 7.5, 6),
(20194254, 100810, 20201, 8, 7),
(20194255, 100102, 20201, 8.5, 10),
(20194255, 100207, 20201, 5, 7.5),
(20194255, 101205, 20201, 7, 7.5),
(20194255, 100302, 20201, 8, 8),
(20194255, 100809, 20201, 8.5, 8.5),
(20194255, 101002, 20201, 9, 5),
(20194255, 100512, 20201, 10, 7),
(20194256, 100105, 20201, 9, 8),
(20194256, 101102, 20201, 9, 8.5),
(20194256, 100205, 20201, 8.5, 7.5),
(20194256, 100210, 20201, 7, 7.5),
(20194256, 101202, 20201, 6, 8),
(20194256, 101001, 20201, 8, 8),
(20194256, 101005, 20201, 9, 7),
(20194257, 100201, 20201, 7, 7),
(20194257, 100207, 20201, 5, 8.5),
(20194257, 100301, 20201, 7, 8),
(20194257, 100402, 20201, 7.5, 8),
(20194257, 101104, 20201, 6, 9),
(20194257, 100205, 20201, 5, 6),
(20194258, 100105, 20201, 5, 5),
(20194258, 101102, 20201, 8, 9.5),
(20194258, 100203, 20201, 7.5, 5),
(20194258, 100509, 20201, 10, 10),
(20194258, 101203, 20201, 10, 7),
(20194258, 100510, 20201, 8, 5),
(20194258, 100403, 20201, 8.5, 9),
(20194260, 100713, 20201, 6, 8),
(20194260, 101104, 20201, 5, 5),
(20194260, 100203, 20201, 9, 7),
(20194260, 100207, 20201, 6.5, 7),
(20194260, 100509, 20201, 5, 10),
(20194260, 100301, 20201, 9, 8.5),
(20194260, 100402, 20201, 7, 9),
(20194261, 100104, 20201, 6, 7),
(20194261, 100201, 20201, 7, 8),
(20194261, 100207, 20201, 9, 7),
(20194261, 100210, 20201, 8, 6),
(20194261, 100302, 20201, 7.5, 7.5),
(20194261, 100510, 20201, 9, 9),
(20194262, 100102, 20201, 8.5, 9.5),
(20194262, 100201, 20201, 9, 7),
(20194262, 100714, 20201, 7, 8),
(20194262, 100509, 20201, 8, 6),
(20194262, 101205, 20201, 7, 7),
(20194262, 100904, 20201, 6, 9),
(20194262, 100713, 20201, 7.5, 7),
(20194263, 100204, 20201, 9, 6),
(20194263, 100509, 20201, 9.5, 7),
(20194263, 100301, 20201, 7, 9),
(20194263, 100402, 20201, 8, 8),
(20194263, 100711, 20201, 9, 7.5),
(20194263, 100510, 20201, 6, 9),
(20194264, 100104, 20201, 5, 8.5),
(20194264, 101103, 20201, 7, 9.5),
(20194264, 100714, 20201, 5, 10),
(20194264, 101205, 20201, 9, 8),
(20194264, 100614, 20201, 9, 9),
(20194264, 100901, 20201, 9, 10),
(20194264, 100712, 20201, 5, 8),
(20194265, 100714, 20201, 10, 9),
(20194265, 100211, 20201, 5, 7),
(20194265, 101204, 20201, 10, 7),
(20194265, 100303, 20201, 7, 5),
(20194265, 100904, 20201, 7.5, 10),
(20194265, 100810, 20201, 9, 10),
(20194266, 100102, 20201, 8, 7),
(20194266, 100207, 20201, 6, 6),
(20194266, 101205, 20201, 7, 8),
(20194266, 100302, 20201, 10, 10),
(20194266, 100809, 20201, 8.5, 10),
(20194266, 101002, 20201, 8, 10),
(20194266, 100512, 20201, 8, 8),
(20194267, 100105, 20201, 6, 7),
(20194267, 101102, 20201, 7.5, 9),
(20194267, 100205, 20201, 6, 9.5),
(20194267, 100210, 20201, 9, 8),
(20194267, 101202, 20201, 7, 6),
(20194267, 101001, 20201, 5, 5),
(20194267, 101005, 20201, 6, 9),
(20200096, 100104, 20201, 7.5, 5),
(20200096, 100205, 20201, 10, 9),
(20200096, 100202, 20201, 7, 8),
(20200096, 100401, 20201, 6, 9.5),
(20200096, 100201, 20201, 5, 6.5),
(20200096, 100302, 20201, 10, 8),
(20204724, 100104, 20201, 9, 8.5),
(20204724, 100205, 20201, 6, 9.5),
(20204724, 100202, 20201, 9, 10),
(20204724, 100401, 20201, 7, 7),
(20204724, 100201, 20201, 7, 8),
(20204724, 100302, 20201, 10, 8.5),
(20204727, 100104, 20201, 6.5, 5.5),
(20204727, 100205, 20201, 7, 7),
(20204727, 100202, 20201, 4, 4),
(20204727, 100401, 20201, 10, 8.5),
(20204727, 100201, 20201, 9, 10),
(20204727, 100302, 20201, 10, 9),
(20204730, 100104, 20201, 8.5, 9),
(20204730, 100205, 20201, 7.5, 5),
(20204730, 100202, 20201, 10, 7),
(20204730, 100401, 20201, 5, 3),
(20204730, 100201, 20201, 4, 4),
(20204730, 100302, 20201, 6, 9.5),
(20204735, 100104, 20201, 10, 8),
(20204735, 100205, 20201, 9, 8.5),
(20204735, 100202, 20201, 10, 6),
(20204735, 100401, 20201, 5, 4),
(20204735, 100201, 20201, 10, 7),
(20204735, 100302, 20201, 7, 7),
(20204738, 100105, 20201, 10, 8.5),
(20204738, 100205, 20201, 10, 7),
(20204738, 100204, 20201, 9, 8),
(20204738, 100401, 20201, 9.5, 9),
(20204738, 100202, 20201, 6.5, 7.5),
(20204738, 100201, 20201, 10, 6),
(20204738, 100302, 20201, 7.5, 5),
(20204741, 100105, 20201, 9.5, 9),
(20204741, 100205, 20201, 10, 6),
(20204741, 100204, 20201, 8, 8.5),
(20204741, 100401, 20201, 5, 6.5),
(20204741, 100202, 20201, 6.5, 8),
(20204741, 100201, 20201, 9, 8),
(20204741, 100302, 20201, 9, 8.5),
(20204744, 100105, 20201, 5, 6.5),
(20204744, 100205, 20201, 9, 8),
(20204744, 100204, 20201, 9.5, 10),
(20204744, 100401, 20201, 7, 8),
(20204744, 100202, 20201, 7.5, 7),
(20204744, 100201, 20201, 8, 8.5),
(20204744, 100302, 20201, 10, 7),
(20204746, 100105, 20201, 7, 8),
(20204746, 100205, 20201, 8, 8.5),
(20204746, 100204, 20201, 3, 3),
(20204746, 100401, 20201, 9, 10),
(20204746, 100202, 20201, 8, 9),
(20204746, 100201, 20201, 9.5, 10),
(20204746, 100302, 20201, 10, 6),
(20204751, 100105, 20201, 9, 10),
(20204751, 100205, 20201, 9, 8),
(20204751, 100204, 20201, 8, 9),
(20204751, 100401, 20201, 4, 4),
(20204751, 100202, 20201, 8, 10),
(20204751, 100201, 20201, 3, 3),
(20204751, 100302, 20201, 9, 8),
(20204754, 100101, 20201, 6, 5),
(20204754, 100201, 20201, 9, 9),
(20204754, 100207, 20201, 5, 10),
(20204754, 100301, 20201, 9, 8),
(20204754, 100402, 20201, 6, 5),
(20204754, 101104, 20201, 9, 10),
(20204754, 100205, 20201, 10, 9),
(20204757, 100105, 20201, 8, 10),
(20204757, 101102, 20201, 9, 9),
(20204757, 100203, 20201, 7.5, 10),
(20204757, 100509, 20201, 8, 10),
(20204757, 101203, 20201, 6, 9),
(20204757, 100510, 20201, 7.5, 5),
(20204757, 100403, 20201, 9, 9),
(20204760, 100713, 20201, 9, 6),
(20204760, 101104, 20201, 9.5, 5),
(20204760, 100203, 20201, 8, 5),
(20204760, 100207, 20201, 8, 9),
(20204760, 100509, 20201, 7.5, 8),
(20204760, 100301, 20201, 10, 7),
(20204760, 100402, 20201, 5, 5),
(20204763, 100104, 20201, 7, 5),
(20204763, 100201, 20201, 9, 10),
(20204763, 100207, 20201, 7.5, 10),
(20204763, 100210, 20201, 6, 10),
(20204763, 100302, 20201, 8, 5),
(20204763, 100510, 20201, 10, 9),
(20204766, 100102, 20201, 10, 10),
(20204766, 100201, 20201, 6, 5),
(20204766, 100714, 20201, 8, 7),
(20204766, 100509, 20201, 8.5, 6),
(20204766, 101205, 20201, 7.5, 9),
(20204766, 100904, 20201, 6, 10),
(20204771, 100713, 20201, 5, 9),
(20204771, 100204, 20201, 5, 8),
(20204771, 100509, 20201, 8.5, 6),
(20204771, 100301, 20201, 10, 6),
(20204771, 100402, 20201, 9, 7),
(20204771, 100711, 20201, 8, 6),
(20204771, 100510, 20201, 9, 7),
(20204774, 100104, 20201, 7, 10),
(20204774, 101103, 20201, 7, 7),
(20204774, 100714, 20201, 10, 9),
(20204774, 101205, 20201, 9, 10),
(20204774, 100614, 20201, 9, 7),
(20204774, 100901, 20201, 9, 10),
(20204774, 100712, 20201, 8, 7),
(20204776, 100201, 20201, 10, 7),
(20204776, 100714, 20201, 7, 5),
(20204776, 100211, 20201, 10, 5),
(20204776, 101204, 20201, 7.5, 10),
(20204776, 100303, 20201, 7, 8),
(20204776, 100904, 20201, 6, 9),
(20204776, 100810, 20201, 6, 9),
(20204779, 100102, 20201, 7, 10),
(20204779, 100207, 20201, 7.5, 9),
(20204779, 101205, 20201, 6, 5),
(20204779, 100302, 20201, 5, 9),
(20204779, 100809, 20201, 8, 6),
(20204779, 101002, 20201, 7, 7),
(20204779, 100512, 20201, 7, 9),
(20204782, 100105, 20201, 8, 8),
(20204782, 101102, 20201, 6.5, 8),
(20204782, 100205, 20201, 10, 10),
(20204782, 100210, 20201, 8, 8),
(20204782, 101202, 20201, 10, 8),
(20204782, 101001, 20201, 5, 5),
(20204782, 101005, 20201, 8, 5),
(20204785, 100207, 20201, 6.5, 7),
(20204785, 100301, 20201, 8, 5),
(20204785, 100402, 20201, 7, 7),
(20204785, 101104, 20201, 5, 7.5),
(20204785, 100205, 20201, 10, 6),
(20204788, 100105, 20201, 7.5, 5),
(20204788, 101102, 20201, 8, 8),
(20204788, 100203, 20201, 8, 7.5),
(20204788, 100509, 20201, 7.5, 10),
(20204788, 101203, 20201, 6, 10),
(20204788, 100510, 20201, 8, 8),
(20204788, 100403, 20201, 6, 8.5),
(20204791, 100713, 20201, 7.5, 6),
(20204791, 101104, 20201, 8, 5),
(20204791, 100203, 20201, 10, 9),
(20204791, 100207, 20201, 10, 6.5),
(20204791, 100509, 20201, 9, 5),
(20204791, 100301, 20201, 6.5, 6),
(20204791, 100402, 20201, 8.5, 8),
(20204794, 100104, 20201, 9, 8),
(20204794, 100201, 20201, 6, 5),
(20204794, 100207, 20201, 8, 5),
(20204794, 100210, 20201, 9, 5),
(20204794, 100302, 20201, 9.5, 8),
(20204794, 100510, 20201, 6, 6),
(20204797, 100102, 20201, 10, 9),
(20204797, 100201, 20201, 7, 9)

INSERT INTO register_and_learn (student_id, subject_class_id, semester, midterm_score, final_score) VALUES
(20204797, 100714, 20201, 8, 5),
(20204797, 100509, 20201, 10, 8),
(20204797, 101205, 20201, 9, 7),
(20204797, 100904, 20201, 8.5, 8),
(20204797, 100713, 20201, 5, 6),
(20204800, 100204, 20201, 10, 6),
(20204800, 100509, 20201, 8, 8),
(20204800, 100301, 20201, 8, 10),
(20204800, 100402, 20201, 7.5, 6),
(20204800, 100711, 20201, 10, 7),
(20204800, 100510, 20201, 6, 5),
(20204803, 100104, 20201, 8.5, 10),
(20204803, 101103, 20201, 7, 6),
(20204803, 100714, 20201, 9, 7),
(20204803, 101205, 20201, 8.5, 5),
(20204803, 100614, 20201, 8, 6),
(20204803, 100901, 20201, 8, 5),
(20204803, 100712, 20201, 8.5, 8),
(20204806, 100714, 20201, 6, 8),
(20204806, 100211, 20201, 6, 8),
(20204806, 101204, 20201, 7, 6),
(20204806, 100303, 20201, 7, 7),
(20204806, 100904, 20201, 8, 8),
(20204806, 100810, 20201, 6, 10),
(20204809, 100102, 20201, 10, 5),
(20204809, 100207, 20201, 5, 9),
(20204809, 101205, 20201, 7.5, 7),
(20204809, 100302, 20201, 7, 7),
(20204809, 100809, 20201, 5, 5),
(20204809, 101002, 20201, 7.5, 10),
(20204809, 100512, 20201, 6, 5),
(20204815, 100201, 20201, 10, 9.5),
(20204815, 100105, 20201, 8, 10),
(20204815, 101102, 20201, 8, 8),
(20204815, 100205, 20201, 7.5, 6),
(20204815, 100210, 20201, 6, 6),
(20204815, 101202, 20201, 8, 10),
(20204815, 101001, 20201, 6, 9),
(20204815, 101005, 20201, 8.5, 5),
(20190007, 100106, 20202, 7, null),
(20190007, 100304, 20202, 8.5, null),
(20190007, 100209, 20202, 6, null),
(20190007, 100210, 20202, 9.5, null),
(20190007, 100404, 20202, 7, null),
(20190007, 100513, 20202, 9, null),
(20190007, 101203, 20202, 6.5, null),
(20190007, 101205, 20202, 9.5, null),
(20194237, 100106, 20202, 9, null),
(20194237, 100304, 20202, 10, null),
(20194237, 100209, 20202, 9.5, null),
(20194237, 100210, 20202, 3, null),
(20194237, 100404, 20202, 7, null),
(20194237, 100513, 20202, 8, null),
(20194237, 101203, 20202, 7.5, null),
(20194237, 101205, 20202, 3, null),
(20194238, 100106, 20202, 4, null),
(20194238, 100304, 20202, 10, null),
(20194238, 100209, 20202, 5, null),
(20194238, 100210, 20202, 7, null),
(20194238, 100404, 20202, 7.5, null),
(20194238, 100513, 20202, 7, null),
(20194238, 101203, 20202, 8, null),
(20194238, 101205, 20202, 8, null),
(20194239, 100106, 20202, 10, null),
(20194239, 100304, 20202, 5, null),
(20194239, 100209, 20202, 7, null),
(20194239, 100210, 20202, 9, null),
(20194239, 100404, 20202, 9.5, null),
(20194239, 100513, 20202, 7.5, null),
(20194239, 101203, 20202, 7, null),
(20194239, 101205, 20202, 8.5, null),
(20194241, 100106, 20202, 10, null),
(20194241, 100304, 20202, 6, null),
(20194241, 100209, 20202, 9, null),
(20194241, 100210, 20202, 10, null),
(20194241, 100404, 20202, 9, null),
(20194241, 100513, 20202, 8, null),
(20194241, 101203, 20202, 9, null),
(20194241, 101205, 20202, 10, null),
(20194242, 100106, 20202, 9, null),
(20194242, 100304, 20202, 9.5, null),
(20194242, 100212, 20202, 4, null),
(20194242, 100211, 20202, 9.5, null),
(20194242, 100404, 20202, 6, null),
(20194242, 100513, 20202, 7, null),
(20194242, 101203, 20202, 4, null),
(20194242, 101205, 20202, 10, null),
(20194243, 100106, 20202, 8, null),
(20194243, 100304, 20202, 8.5, null),
(20194243, 100212, 20202, 10, null),
(20194243, 100211, 20202, 9, null),
(20194243, 100404, 20202, 5, null),
(20194243, 100513, 20202, 9, null),
(20194243, 101203, 20202, 10, null),
(20194243, 101205, 20202, 5, null),
(20194244, 100106, 20202, 9.5, null),
(20194244, 100304, 20202, 10, null),
(20194244, 100212, 20202, 10, null),
(20194244, 100211, 20202, 10, null),
(20194244, 100404, 20202, 7, null),
(20194244, 100513, 20202, 10, null),
(20194244, 101203, 20202, 10, null),
(20194244, 101205, 20202, 6, null),
(20194245, 100106, 20202, 3, null),
(20194245, 100304, 20202, 10, null),
(20194245, 100212, 20202, 9, null),
(20194245, 100211, 20202, 7.5, null),
(20194245, 100404, 20202, 5, null),
(20194245, 100513, 20202, 6, null),
(20194245, 101203, 20202, 9, null),
(20194245, 101205, 20202, 9.5, null),
(20194246, 100106, 20202, 8, null),
(20194246, 100304, 20202, 5, null),
(20194246, 100212, 20202, 8, null),
(20194246, 100211, 20202, 9, null),
(20194246, 100404, 20202, 5.5, null),
(20194246, 100513, 20202, 6.5, null),
(20194246, 101203, 20202, 8, null),
(20194246, 101205, 20202, 8.5, null),
(20194247, 100519, 20202, 6.5, null),
(20194247, 100515, 20202, 8, null),
(20194247, 100902, 20202, 9, null),
(20194247, 100516, 20202, 10, null),
(20194247, 101002, 20202, 10, null),
(20194247, 100405, 20202, 9, null),
(20194247, 100717, 20202, 8, null),
(20194248, 100102, 20202, 8, null),
(20194248, 100813, 20202, 9, null),
(20194248, 100515, 20202, 7, null),
(20194248, 100516, 20202, 8, null),
(20194248, 100903, 20202, 9.5, null),
(20194248, 101101, 20202, 7.5, null),
(20194248, 100718, 20202, 8, null),
(20194249, 101105, 20202, 6, null),
(20194249, 101202, 20202, 5.5, null),
(20194249, 100202, 20202, 8, null),
(20194249, 100210, 20202, 6.5, null),
(20194249, 100302, 20202, 6, null),
(20194249, 100904, 20202, 7, null),
(20194249, 100402, 20202, 9, null),
(20194249, 100517, 20202, 9, null),
(20194250, 100105, 20202, 8, null),
(20194250, 101202, 20202, 7, null),
(20194250, 100212, 20202, 9, null),
(20194250, 100301, 20202, 8, null),
(20194250, 100403, 20202, 10, null),
(20194250, 100405, 20202, 9, null),
(20194251, 100719, 20202, 9, null),
(20194251, 101202, 20202, 6.5, null),
(20194251, 100206, 20202, 10, null),
(20194251, 100515, 20202, 7.5, null),
(20194251, 100902, 20202, 8, null),
(20194251, 100516, 20202, 9.5, null),
(20194252, 101202, 20202, 9, null),
(20194252, 100206, 20202, 10, null),
(20194252, 100515, 20202, 10, null),
(20194252, 100518, 20202, 7, null),
(20194252, 100516, 20202, 9, null),
(20194252, 100405, 20202, 10, null),
(20194252, 101102, 20202, 8, null),
(20194253, 100519, 20202, 5, null),
(20194253, 101203, 20202, 7.5, null),
(20194253, 100514, 20202, 7, null),
(20194253, 100212, 20202, 7.5, null),
(20194253, 100904, 20202, 9, null),
(20194253, 100405, 20202, 9, null),
(20194253, 101101, 20202, 8, null),
(20194254, 100513, 20202, 7, null),
(20194254, 101105, 20202, 6, null),
(20194254, 100514, 20202, 5, null),
(20194254, 100301, 20202, 9, null),
(20194254, 100402, 20202, 8, null),
(20194254, 100615, 20202, 7.5, null),
(20194254, 100718, 20202, 7.5, null),
(20194255, 100103, 20202, 7.5, null),
(20194255, 101204, 20202, 7, null),
(20194255, 100208, 20202, 7, null),
(20194255, 100305, 20202, 8.5, null),
(20194255, 100716, 20202, 9, null),
(20194255, 101004, 20202, 8, null),
(20194255, 101103, 20202, 8.5, null),
(20194256, 100203, 20202, 8.5, null),
(20194256, 100209, 20202, 10, null),
(20194256, 100303, 20202, 9, null),
(20194256, 100402, 20202, 9, null),
(20194256, 100717, 20202, 7, null)


INSERT INTO register_and_learn (student_id, subject_class_id, semester, midterm_score, final_score) VALUES
(20194256, 100616, 20202, 5, null),
(20194257, 100519, 20202, 8.5, null),
(20194257, 100515, 20202, 7, null),
(20194257, 100902, 20202, 6, null),
(20194257, 100516, 20202, 9.5, null),
(20194257, 101002, 20202, 9, null),
(20194257, 100405, 20202, 6, null),
(20194258, 100102, 20202, 9, null),
(20194258, 100813, 20202, 6, null),
(20194258, 100515, 20202, 7.5, null),
(20194258, 100516, 20202, 10, null),
(20194258, 100903, 20202, 5, null),
(20194258, 101101, 20202, 5, null),
(20194258, 100718, 20202, 7.5, null),
(20194258, 101105, 20202, 10, null),
(20194260, 101202, 20202, 7, null),
(20194260, 100202, 20202, 8, null),
(20194260, 100210, 20202, 5, null),
(20194260, 100302, 20202, 7, null),
(20194260, 100904, 20202, 6, null),
(20194260, 100402, 20202, 9, null),
(20194260, 100517, 20202, 6, null),
(20194261, 100105, 20202, 6, null),
(20194261, 101202, 20202, 8, null),
(20194261, 100212, 20202, 8, null),
(20194261, 100301, 20202, 5, null),
(20194261, 100403, 20202, 6, null),
(20194261, 100405, 20202, 10, null),
(20194262, 100719, 20202, 5, null),
(20194262, 100206, 20202, 10, null),
(20194262, 100515, 20202, 7, null),
(20194262, 100902, 20202, 8, null),
(20194262, 100516, 20202, 9, null),
(20194262, 101202, 20202, 7, null),
(20194263, 100206, 20202, 7.5, null),
(20194263, 100515, 20202, 8, null),
(20194263, 100518, 20202, 6, null),
(20194263, 100516, 20202, 7, null),
(20194263, 100405, 20202, 9, null),
(20194263, 101102, 20202, 10, null),
(20194264, 100519, 20202, 7.5, null),
(20194264, 101203, 20202, 4, null),
(20194264, 100514, 20202, 5, null),
(20194264, 100212, 20202, 6, null),
(20194264, 100904, 20202, 6, null),
(20194264, 100405, 20202, 8, null),
(20194265, 100513, 20202, 7, null),
(20194265, 101105, 20202, 9, null),
(20194265, 100514, 20202, 7.5, null),
(20194265, 100301, 20202, 7, null),
(20194265, 100402, 20202, 8, null),
(20194265, 100615, 20202, 7.5, null),
(20194265, 100718, 20202, 8.5, null),
(20194266, 100103, 20202, 9, null),
(20194266, 101204, 20202, 7, null),
(20194266, 100208, 20202, 8, null),
(20194266, 100305, 20202, 7.5, null),
(20194266, 100716, 20202, 8.5, null),
(20194266, 101004, 20202, 8, null),
(20194266, 101103, 20202, 9, null),
(20194267, 100203, 20202, 10, null),
(20194267, 100209, 20202, 5, null),
(20194267, 100303, 20202, 6, null),
(20194267, 100402, 20202, 7.5, null),
(20194267, 100717, 20202, 7.5, null),
(20194267, 100616, 20202, 8, null),
(20200096, 100206, 20202, 8, null),
(20200096, 100101, 20202, 10, null),
(20200096, 100402, 20202, 9, null),
(20200096, 100203, 20202, 9, null),
(20200096, 101101, 20202, 10, null),
(20200096, 100301, 20202, 10, null),
(20204724, 100206, 20202, 7.5, null),
(20204724, 100101, 20202, 10, null),
(20204724, 100402, 20202, 9, null),
(20204724, 100203, 20202, 10, null),
(20204724, 101101, 20202, 10, null),
(20204724, 100301, 20202, 9, null),
(20204727, 100206, 20202, 8, null),
(20204727, 100101, 20202, 9.5, null),
(20204727, 100402, 20202, 6.5, null),
(20204727, 100203, 20202, 10, null),
(20204727, 101101, 20202, 5, null),
(20204727, 100301, 20202, 8, null),
(20204730, 100206, 20202, 10, null),
(20204730, 100101, 20202, 5, null),
(20204730, 100402, 20202, 8.5, null),
(20204730, 100203, 20202, 9, null),
(20204730, 101101, 20202, 6, null),
(20204730, 100301, 20202, 9.5, null),
(20204735, 100206, 20202, 6, null),
(20204735, 100101, 20202, 7, null),
(20204735, 100402, 20202, 10, null),
(20204735, 100203, 20202, 8, null),
(20204735, 101101, 20202, 9.5, null),
(20204735, 100301, 20202, 3, null),
(20204738, 100206, 20202, 7, null),
(20204738, 100101, 20202, 9, null),
(20204738, 100402, 20202, 10, null),
(20204738, 100203, 20202, 9, null),
(20204738, 101101, 20202, 5, null),
(20204738, 100301, 20202, 8, null),
(20204741, 100206, 20202, 7.5, null),
(20204741, 100101, 20202, 10, null),
(20204741, 100402, 20202, 10, null),
(20204741, 100203, 20202, 7, null),
(20204741, 101101, 20202, 7, null),
(20204741, 100301, 20202, 8.5, null),
(20204744, 100206, 20202, 9, null),
(20204744, 100101, 20202, 9.5, null),
(20204744, 100402, 20202, 6, null),
(20204744, 100203, 20202, 9, null),
(20204744, 101101, 20202, 9, null),
(20204744, 100301, 20202, 10, null),
(20204746, 100206, 20202, 6.5, null),
(20204746, 100101, 20202, 5, null),
(20204746, 100402, 20202, 7, null),
(20204746, 100203, 20202, 6.5, null),
(20204746, 101101, 20202, 4, null),
(20204746, 100301, 20202, 10, null),
(20204751, 100206, 20202, 8.5, null),
(20204751, 100101, 20202, 7, null),
(20204751, 100402, 20202, 7.5, null),
(20204751, 100203, 20202, 8.5, null),
(20204751, 101101, 20202, 10, null),
(20204751, 100301, 20202, 5, null),
(20204754, 100519, 20202, 9, null),
(20204754, 100515, 20202, 7, null),
(20204754, 100902, 20202, 5, null),
(20204754, 100516, 20202, 5, null),
(20204754, 101002, 20202, 10, null),
(20204754, 100405, 20202, 6, null),
(20204754, 100717, 20202, 5, null),
(20204757, 100102, 20202, 8, null),
(20204757, 100813, 20202, 7, null),
(20204757, 100515, 20202, 9.5, null),
(20204757, 100516, 20202, 10, null),
(20204757, 100903, 20202, 9, null),
(20204757, 101101, 20202, 5, null),
(20204757, 100718, 20202, 6, null),
(20204760, 101105, 20202, 9, null),
(20204760, 101202, 20202, 8, null),
(20204760, 100202, 20202, 5.5, null),
(20204760, 100210, 20202, 8, null),
(20204760, 100302, 20202, 9, null),
(20204760, 100904, 20202, 9, null),
(20204760, 100402, 20202, 9, null),
(20204760, 100517, 20202, 9, null),
(20204763, 100105, 20202, 10, null),
(20204763, 101202, 20202, 6, null),
(20204763, 100212, 20202, 5, null),
(20204763, 100301, 20202, 9, null),
(20204763, 100403, 20202, 8, null),
(20204763, 100405, 20202, 7, null),
(20204766, 100719, 20202, 8, null),
(20204766, 101202, 20202, 6, null),
(20204766, 100206, 20202, 8.5, null),
(20204766, 100515, 20202, 6, null),
(20204766, 100902, 20202, 9, null),
(20204766, 100516, 20202, 8, null),
(20204771, 101202, 20202, 10, null),
(20204771, 100206, 20202, 9, null),
(20204771, 100515, 20202, 7, null),
(20204771, 100518, 20202, 7, null),
(20204771, 100516, 20202, 9, null),
(20204771, 100405, 20202, 5, null),
(20204771, 101102, 20202, 7, null),
(20204774, 100519, 20202, 10, null),
(20204774, 101203, 20202, 7, null),
(20204774, 100514, 20202, 8, null),
(20204774, 100212, 20202, 6, null),
(20204774, 100904, 20202, 7.5, null),
(20204774, 100405, 20202, 9, null),
(20204774, 101101, 20202, 8, null),
(20204776, 100513, 20202, 8, null),
(20204776, 101105, 20202, 10, null),
(20204776, 100514, 20202, 8, null),
(20204776, 100301, 20202, 8, null),
(20204776, 100402, 20202, 7.5, null),
(20204776, 100615, 20202, 9, null),
(20204776, 100718, 20202, 5, null),
(20204779, 100103, 20202, 8, null),
(20204779, 101204, 20202, 5, null),
(20204779, 100208, 20202, 9, null),
(20204779, 100305, 20202, 10, null),
(20204779, 100716, 20202, 10, null),
(20204779, 101004, 20202, 7, null),
(20204779, 101103, 20202, 6, null),
(20204782, 100203, 20202, 9, null),
(20204782, 100209, 20202, 5, null),
(20204782, 100303, 20202, 7, null),
(20204782, 100402, 20202, 10, null),
(20204782, 100717, 20202, 10, null),
(20204782, 100616, 20202, 7, null),
(20204785, 100519, 20202, 7, null),
(20204785, 100515, 20202, 8.5, null),
(20204785, 100902, 20202, 8, null),
(20204785, 100516, 20202, 8, null),
(20204785, 101002, 20202, 9, null),
(20204785, 100405, 20202, 6, null),
(20204788, 100102, 20202, 5, null),
(20204788, 100813, 20202, 9.5, null),
(20204788, 100515, 20202, 8, null),
(20204788, 100516, 20202, 5, null),
(20204788, 100903, 20202, 9.5, null),
(20204788, 101101, 20202, 9, null),
(20204788, 100718, 20202, 7, null),
(20204788, 101105, 20202, 8.5, null),
(20204791, 101202, 20202, 7, null),
(20204791, 100202, 20202, 6, null),
(20204791, 100210, 20202, 6.5, null),
(20204791, 100302, 20202, 6, null),
(20204791, 100904, 20202, 10, null),
(20204791, 100402, 20202, 9, null),
(20204791, 100517, 20202, 6, null),
(20204794, 100105, 20202, 5, null),
(20204794, 101202, 20202, 6.5, null),
(20204794, 100212, 20202, 6, null),
(20204794, 100301, 20202, 9, null),
(20204794, 100403, 20202, 10, null),
(20204794, 100405, 20202, 6, null),
(20204797, 100719, 20202, 7, null),
(20204797, 101202, 20202, 7, null),
(20204797, 100206, 20202, 7, null),
(20204797, 100515, 20202, 8, null),
(20204797, 100902, 20202, 8, null),
(20204797, 100516, 20202, 10, null),
(20204800, 100206, 20202, 7, null),
(20204800, 100515, 20202, 6, null),
(20204800, 100518, 20202, 9, null),
(20204800, 100516, 20202, 6.5, null),
(20204800, 100405, 20202, 8, null),
(20204800, 101102, 20202, 7, null),
(20204803, 100519, 20202, 10, null),
(20204803, 101203, 20202, 8, null),
(20204803, 100514, 20202, 6.5, null),
(20204803, 100212, 20202, 6, null),
(20204803, 100904, 20202, 10, null),
(20204803, 100405, 20202, 7, null),
(20204806, 100513, 20202, 6, null),
(20204806, 101105, 20202, 8, null),
(20204806, 100514, 20202, 9, null),
(20204806, 100301, 20202, 7.5, null),
(20204806, 100402, 20202, 5, null),
(20204806, 100615, 20202, 7, null),
(20204806, 100718, 20202, 8, null),
(20204809, 100103, 20202, 10, null),
(20204809, 101204, 20202, 9, null),
(20204809, 100208, 20202, 8.5, null),
(20204809, 100305, 20202, 6, null),
(20204809, 100716, 20202, 6, null),
(20204809, 101004, 20202, 5, null),
(20204809, 101103, 20202, 10, null),
(20204815, 100203, 20202, 7, null),
(20204815, 100209, 20202, 7.5, null),
(20204815, 100303, 20202, 9, null),
(20204815, 100402, 20202, 8, null),
(20204815, 100717, 20202, 10, null),
(20204815, 100616, 20202, 8, null);

update register_and_learn
set overall = midterm_score*(1-final_weight) + final_score*final_weight
from subject_class sc, subject_list sl
where register_and_learn .subject_class_id = sc.subject_class_id
and register_and_learn.semester = sc.semester
and sc.subject_id = sl.subject_id;

update register_and_learn 
set final_score = 0 where final_score IS NULL;

update register_and_learn
set grade = case
		when overall < 4 then 'F'
		when overall < 5 then 'D'
		when overall < 5.5 then 'D+'
		when overall < 6.5 then 'C'
		when overall < 7 then 'C+'
		when overall < 8 then 'B'
		when overall < 8.5 then 'B+'
		when overall < 9.5 then 'A'
		when overall <= 10 then 'A+'
end;
update register_and_learn
set	grade_point = case grade
		when 'F' then 0
		when 'D' then 1
		when 'D+' then 1.5
		when 'C' then 2
		when 'C+' then 2.5
		when 'B' then 3
		when 'B+' then 3.5
		when 'A' then 4
		when 'A+' then 4

end;

CREATE TABLE Admin (
    name varchar(30) not null,
    password varchar(25) not null,
   
);

INSERT INTO Admin values
('VUTRISY','123456'),
('LEVANTHANH','654321'),
('NGUYENVANNAM','111111'),
('VUQUANGTHANH','121212');
